ID,Expression
1,( <= ( max ( / ( - 17 ( % v0 4 ) ) 4 ) ( + ( - ( max ( / ( + ( min ( * v1 2 ) ( + ( % v0 2 ) 5 ) ) ( / v0 2 ) ) 2 ) ( + ( / v0 4 ) v1 ) ) ( + ( / ( - v0 6 ) 4 ) v1 ) ) 2 ) ) 1024 )
2,( <= ( max ( / ( - 17 ( % v0 4 ) ) 4 ) ( + ( - ( / ( + ( min ( * v1 2 ) ( + ( % v0 2 ) 20 ) ) ( / v0 2 ) ) 2 ) ( + ( / ( - v0 6 ) 4 ) v1 ) ) 2 ) ) 1024 )
3,( <= ( max ( / ( - 8 ( % ( + ( * v0 161 ) v1 ) 2 ) ) 2 ) ( + ( - ( / ( + ( min ( * v2 2 ) 159 ) ( + ( * v0 161 ) v1 ) ) 2 ) ( + ( / ( - ( + ( * v0 161 ) v1 ) 3 ) 2 ) v2 ) ) 2 ) ) 1024 )
4,( <= ( max ( max ( min v0 12 ) ( + ( min ( min ( min ( min ( min ( min ( min ( min ( min ( min ( min ( min ( min ( min ( min ( / ( - v1 15 ) 16 ) ( - v2 1 ) ) ( / ( - v1 14 ) 16 ) ) ( / ( - v1 13 ) 16 ) ) ( / ( - v1 2 ) 16 ) ) ( / ( - v1 1 ) 16 ) ) ( / ( + v1 1 ) 16 ) ) ( / ( - v3 2 ) 16 ) ) ( / ( - v3 1 ) 16 ) ) ( / ( - v4 2 ) 16 ) ) ( / ( - v4 1 ) 16 ) ) ( / ( - v5 2 ) 16 ) ) ( / ( - v5 1 ) 16 ) ) ( / ( - v6 2 ) 16 ) ) ( / ( - v6 1 ) 16 ) ) 11 ) 1 ) ) 0 ) ( max ( min v0 12 ) 0 ) )
5,( <= ( max ( max ( min ( / ( + v0 131 ) 144 ) 2 ) ( + ( min ( / ( - ( min ( + ( min ( min ( min ( min ( min ( min ( - ( min ( / ( + ( + v1 v2 ) 25 ) 2 ) v3 ) ( + ( * v4 288 ) v5 ) ) v6 ) ( - ( min ( / ( + ( + v1 v2 ) 29 ) 2 ) v3 ) ( + ( * v4 288 ) v5 ) ) ) ( + v7 13 ) ) v8 ) v9 ) ( + v7 15 ) ) 128 ) v8 ) 140 ) 144 ) 1 ) 1 ) ) 0 ) ( max ( min ( / ( + v0 131 ) 144 ) 2 ) 0 ) )
6,( <= ( max ( max ( min v0 24 ) ( + ( min ( min ( min ( min ( min ( min ( min ( min ( min ( min ( min ( min ( min ( min ( min ( / ( - v1 15 ) 16 ) ( - v2 1 ) ) ( / ( - v1 14 ) 16 ) ) ( / ( - v1 13 ) 16 ) ) ( / ( - v1 2 ) 16 ) ) ( / ( - v1 1 ) 16 ) ) ( / ( + v1 1 ) 16 ) ) ( / ( - v3 2 ) 16 ) ) ( / ( - v3 1 ) 16 ) ) ( / ( - v4 2 ) 16 ) ) ( / ( - v4 1 ) 16 ) ) ( / ( - v5 2 ) 16 ) ) ( / ( - v5 1 ) 16 ) ) ( / ( - v6 2 ) 16 ) ) ( / ( - v6 1 ) 16 ) ) 23 ) 1 ) ) 0 ) ( max ( min v0 24 ) 0 ) )
7,( <= ( max ( max ( min v0 2 ) ( + ( min ( min ( min ( min ( min ( min ( min ( min ( min ( min ( min ( min ( min ( min ( min ( min ( min ( min ( min ( min ( min ( min ( min ( min ( min ( min ( min ( min ( min ( min ( min ( min ( min ( min ( min ( min ( min ( min ( min ( min ( min ( min ( min ( min ( min ( min ( min ( min ( min ( min ( min ( min ( min ( min ( min ( min ( min ( min ( min ( - ( min ( min ( min v1 v2 ) v3 ) v4 ) 1 ) v2 ) ( / ( - v5 208 ) 192 ) ) ( / ( - v5 207 ) 192 ) ) ( / ( - v5 206 ) 192 ) ) ( / ( - v5 205 ) 192 ) ) ( / ( - v5 191 ) 192 ) ) ( / ( - v5 4 ) 192 ) ) ( / ( - v5 3 ) 192 ) ) ( / ( - v5 2 ) 192 ) ) ( / ( - v5 1 ) 192 ) ) ( / ( - v6 210 ) 192 ) ) ( / ( - v6 209 ) 192 ) ) ( / ( - v6 208 ) 192 ) ) ( / ( - v6 207 ) 192 ) ) ( / ( - v6 206 ) 192 ) ) ( / ( - v6 205 ) 192 ) ) ( / ( - v6 204 ) 192 ) ) ( / ( - v6 203 ) 192 ) ) ( / ( - v6 194 ) 192 ) ) ( / ( - v6 193 ) 192 ) ) ( / ( - v6 191 ) 192 ) ) ( / ( - v6 190 ) 192 ) ) ( / ( - v6 189 ) 192 ) ) ( / ( - v6 4 ) 192 ) ) ( / ( - v6 3 ) 192 ) ) ( / ( - v6 2 ) 192 ) ) ( / ( - v6 1 ) 192 ) ) ( / ( + v6 1 ) 192 ) ) ( / ( + v6 2 ) 192 ) ) ( / ( + v6 3 ) 192 ) ) ( / ( - ( - ( * ( / ( - ( + v7 v8 ) 209 ) 2 ) 2 ) ( + ( * v9 384 ) v10 ) ) 1 ) 192 ) ) ( / ( - v11 1 ) 192 ) ) ( / ( - v12 1 ) 192 ) ) ( / ( - ( - ( * ( / ( - ( + v7 v8 ) 203 ) 2 ) 2 ) ( + ( * v9 384 ) v10 ) ) 1 ) 192 ) ) ( / ( - v13 1 ) 192 ) ) ( / ( - v14 1 ) 192 ) ) ( / ( - v15 1 ) 192 ) ) ( / ( - ( - ( * ( / ( - ( + v7 v8 ) 31 ) 2 ) 2 ) ( + ( * v9 384 ) v10 ) ) 178 ) 192 ) ) ( / ( - v16 178 ) 192 ) ) ( / ( - v17 184 ) 192 ) ) ( / ( - v17 182 ) 192 ) ) ( / ( - v17 178 ) 192 ) ) ( / ( - v18 184 ) 192 ) ) ( / ( - v18 182 ) 192 ) ) ( / ( - v19 178 ) 192 ) ) ( / ( - v20 182 ) 192 ) ) ( / ( - v20 178 ) 192 ) ) ( / ( - v21 182 ) 192 ) ) ( / ( - v22 2 ) 192 ) ) ( / ( - v22 1 ) 192 ) ) ( / ( - v23 2 ) 192 ) ) ( / ( - v23 1 ) 192 ) ) ( / ( - v24 4 ) 192 ) ) ( / ( - v24 2 ) 192 ) ) ( / ( - v24 1 ) 192 ) ) ( / ( - v25 4 ) 192 ) ) ( / ( - v25 2 ) 192 ) ) ( / ( - v25 1 ) 192 ) ) 1 ) 1 ) ) 0 ) ( max ( min v0 2 ) 0 ) )
8,( <= ( max ( max ( min v0 2 ) ( + ( min ( min ( min ( min ( min ( min ( min ( min ( min ( min ( min ( min ( min ( min ( min ( min ( min ( min ( min ( min ( min ( min ( min ( min ( min ( min ( min ( min ( min ( min ( min ( min ( min ( min ( min ( min ( min ( min ( min ( min ( min ( min ( min ( min ( min ( min ( min ( min ( min ( min ( min ( min ( min ( - ( min ( min ( min v1 v2 ) v3 ) v4 ) 1 ) v2 ) ( / ( - v5 191 ) 192 ) ) ( / ( - v5 2 ) 192 ) ) ( / ( - v5 1 ) 192 ) ) ( / ( - v6 210 ) 192 ) ) ( / ( - v6 209 ) 192 ) ) ( / ( - v6 208 ) 192 ) ) ( / ( - v6 207 ) 192 ) ) ( / ( - v6 206 ) 192 ) ) ( / ( - v6 205 ) 192 ) ) ( / ( - v6 204 ) 192 ) ) ( / ( - v6 203 ) 192 ) ) ( / ( - v6 194 ) 192 ) ) ( / ( - v6 193 ) 192 ) ) ( / ( - v6 191 ) 192 ) ) ( / ( - v6 190 ) 192 ) ) ( / ( - v6 189 ) 192 ) ) ( / ( - v6 4 ) 192 ) ) ( / ( - v6 3 ) 192 ) ) ( / ( - v6 2 ) 192 ) ) ( / ( - v6 1 ) 192 ) ) ( / ( + v6 1 ) 192 ) ) ( / ( + v6 2 ) 192 ) ) ( / ( + v6 3 ) 192 ) ) ( / ( - ( - ( * ( / ( - ( + v7 v8 ) 209 ) 2 ) 2 ) ( + ( * v9 384 ) v10 ) ) 1 ) 192 ) ) ( / ( - v11 1 ) 192 ) ) ( / ( - v12 1 ) 192 ) ) ( / ( - ( - ( * ( / ( - ( + v7 v8 ) 203 ) 2 ) 2 ) ( + ( * v9 384 ) v10 ) ) 1 ) 192 ) ) ( / ( - v13 1 ) 192 ) ) ( / ( - v14 1 ) 192 ) ) ( / ( - v15 1 ) 192 ) ) ( / ( - ( - ( * ( / ( - ( + v7 v8 ) 31 ) 2 ) 2 ) ( + ( * v9 384 ) v10 ) ) 178 ) 192 ) ) ( / ( - v16 178 ) 192 ) ) ( / ( - v17 184 ) 192 ) ) ( / ( - v17 182 ) 192 ) ) ( / ( - v17 178 ) 192 ) ) ( / ( - v18 184 ) 192 ) ) ( / ( - v18 182 ) 192 ) ) ( / ( - v19 178 ) 192 ) ) ( / ( - v20 182 ) 192 ) ) ( / ( - v20 178 ) 192 ) ) ( / ( - v21 182 ) 192 ) ) ( / ( - v22 2 ) 192 ) ) ( / ( - v22 1 ) 192 ) ) ( / ( - v23 2 ) 192 ) ) ( / ( - v23 1 ) 192 ) ) ( / ( - v24 4 ) 192 ) ) ( / ( - v24 2 ) 192 ) ) ( / ( - v24 1 ) 192 ) ) ( / ( - v25 4 ) 192 ) ) ( / ( - v25 2 ) 192 ) ) ( / ( - v25 1 ) 192 ) ) 1 ) 1 ) ) 0 ) ( max ( min v0 2 ) 0 ) )
9,( <= ( max ( max ( min v0 2 ) ( + ( min ( min ( min ( min ( min ( min ( min ( min ( min ( min ( min ( min ( min ( min ( min ( min ( min ( min ( min ( min ( min ( min ( min ( min ( min ( min ( min ( min ( - ( min v1 v2 ) 1 ) v2 ) ( / ( - v3 191 ) 192 ) ) ( / ( - v3 2 ) 192 ) ) ( / ( - v3 1 ) 192 ) ) ( / ( - v4 194 ) 192 ) ) ( / ( - v4 193 ) 192 ) ) ( / ( - v4 191 ) 192 ) ) ( / ( - v4 190 ) 192 ) ) ( / ( - v4 189 ) 192 ) ) ( / ( - v4 2 ) 192 ) ) ( / ( - v4 1 ) 192 ) ) ( / ( + v4 1 ) 192 ) ) ( / ( + v4 2 ) 192 ) ) ( / ( + v4 3 ) 192 ) ) ( / ( - ( - ( * ( / ( - ( + v5 v6 ) 193 ) 2 ) 2 ) ( + ( * v7 384 ) v8 ) ) 1 ) 192 ) ) ( / ( - v9 1 ) 192 ) ) ( / ( - ( - ( * ( / ( - ( + v5 v6 ) 189 ) 2 ) 2 ) ( + ( * v7 384 ) v8 ) ) 1 ) 192 ) ) ( / ( - ( - ( * ( / ( - ( + v5 v6 ) 15 ) 2 ) 2 ) ( + ( * v7 384 ) v8 ) ) 178 ) 192 ) ) ( / ( - v10 182 ) 192 ) ) ( / ( - v10 178 ) 192 ) ) ( / ( - ( - ( * ( / ( - ( + v5 v6 ) 11 ) 2 ) 2 ) ( + ( * v7 384 ) v8 ) ) 182 ) 192 ) ) ( / ( - v11 2 ) 192 ) ) ( / ( - v11 1 ) 192 ) ) ( / ( - v12 2 ) 192 ) ) ( / ( - v12 1 ) 192 ) ) ( / ( - v13 2 ) 192 ) ) ( / ( - v13 1 ) 192 ) ) 1 ) 1 ) ) 0 ) ( max ( min v0 2 ) 0 ) )
10,( <= ( max ( min ( - ( + v0 v1 ) 1 ) v2 ) v1 ) ( max ( min ( + v0 v1 ) v2 ) ( + v1 1 ) ) )
11,( <= ( max ( / ( - v0 1 ) 2 ) ( + ( / ( - v0 3 ) 2 ) ( * ( % ( + v0 1 ) 2 ) 2 ) ) ) ( / ( + v0 1 ) 2 ) )
12,( <= ( max ( / ( - ( + ( + ( * v0 161 ) v1 ) v2 ) 1 ) 2 ) ( + ( / ( - ( + ( + ( * v0 161 ) v1 ) v2 ) 3 ) 2 ) ( * ( % ( + ( + ( + ( * v0 161 ) v1 ) v2 ) 1 ) 2 ) 2 ) ) ) ( / ( + ( + ( + ( * v0 161 ) v1 ) v2 ) 1 ) 2 ) )
13,( <= ( + ( max ( / v0 2 ) -2 ) 1 ) ( max ( / ( + v0 3 ) 2 ) 0 ) )
14,( <= ( max ( / ( - ( + ( + ( * v0 41 ) v1 ) v2 ) 1 ) 2 ) ( + ( / ( - ( + ( + ( * v0 41 ) v1 ) v2 ) 3 ) 2 ) ( * ( % ( + ( + ( + ( * v0 41 ) v1 ) v2 ) 1 ) 2 ) 2 ) ) ) ( / ( + ( + ( + ( * v0 41 ) v1 ) v2 ) 1 ) 2 ) )
15,( <= ( max ( / ( - ( + ( + ( * v0 81 ) v1 ) v2 ) 1 ) 2 ) ( + ( / ( - ( + ( + ( * v0 81 ) v1 ) v2 ) 3 ) 2 ) ( * ( % ( + ( + ( + ( * v0 81 ) v1 ) v2 ) 1 ) 2 ) 2 ) ) ) ( / ( + ( + ( + ( * v0 81 ) v1 ) v2 ) 1 ) 2 ) )
16,( <= ( max ( / ( - v0 v1 ) 2 ) -1 ) ( max ( / ( + ( - v0 v1 ) 1 ) 2 ) 0 ) )
17,( <= ( min ( min ( min ( min ( + ( - v0 ( + ( * v1 144 ) v2 ) ) 2 ) v3 ) ( + v3 1 ) ) ( + ( min ( min ( min ( min ( min ( min ( min ( min ( min ( min v4 v5 ) v6 ) v7 ) v8 ) v9 ) v10 ) v11 ) v12 ) ( - ( / ( - ( + v13 v14 ) 55 ) 4 ) ( + ( * v1 144 ) v2 ) ) ) ( - ( / ( - ( + v13 v14 ) 54 ) 4 ) ( + ( * v1 144 ) v2 ) ) ) 16 ) ) ( + v15 17 ) ) 12 )
18,( <= ( min ( min ( min ( + ( min ( - v0 ( + ( * v1 144 ) v2 ) ) v3 ) 1 ) v3 ) ( + v3 2 ) ) ( + ( min ( min ( min v4 v5 ) ( - ( / ( - ( + v6 v7 ) 29 ) 2 ) ( + ( * v1 144 ) v2 ) ) ) v8 ) 16 ) ) 14 )
19,( <= ( / ( - ( min ( + ( / ( - ( + ( min v0 101 ) v1 ) 163 ) 32 ) ( * ( / ( - v2 1 ) 8 ) 8 ) ) ( - v3 8 ) ) 15 ) 2 ) ( + ( / v4 2 ) ( * ( / ( + ( - ( / ( + ( min ( + ( / ( - ( + ( min v0 101 ) v1 ) 163 ) 32 ) ( * ( / ( + v2 7 ) 8 ) 8 ) ) v3 ) 1 ) 2 ) ( / v4 2 ) ) 1 ) 14 ) 14 ) ) )
20,( <= ( - ( min ( + ( / ( - ( + ( min v0 101 ) v1 ) 163 ) 32 ) ( * ( / ( - v2 1 ) 8 ) 8 ) ) ( - v3 8 ) ) 18 ) ( + ( * ( / ( - ( - ( min ( + ( / ( - ( + ( min v0 101 ) v1 ) 163 ) 32 ) ( * ( / ( + v2 7 ) 8 ) 8 ) ) v3 ) v4 ) 1 ) 26 ) 26 ) v4 ) )
21,( <= ( / ( + ( min ( + ( / ( - ( + ( min v0 101 ) v1 ) 163 ) 32 ) ( * ( / ( - v2 1 ) 8 ) 8 ) ) ( - v3 8 ) ) 5 ) 2 ) ( + ( / v4 2 ) ( * ( / ( + ( - ( / ( + ( min ( + ( / ( - ( + ( min v0 101 ) v1 ) 163 ) 32 ) ( * ( / ( + v2 7 ) 8 ) 8 ) ) v3 ) 1 ) 2 ) ( / v4 2 ) ) 1 ) 4 ) 4 ) ) )
22,( && ( <= ( + ( min ( / ( - ( + ( min v0 101 ) v1 ) 227 ) 64 ) ( / ( - v2 29 ) 2 ) ) 1 ) ( / ( min ( / ( - ( + ( min v0 101 ) v1 ) 163 ) 32 ) ( - v2 8 ) ) 2 ) ) ( <= ( / ( - ( min ( + ( / ( - ( + ( min v0 101 ) v1 ) 163 ) 32 ) ( * ( / ( - ( - v2 ( / ( - ( + ( min v0 101 ) v1 ) 163 ) 32 ) ) 1 ) 8 ) 8 ) ) ( - v2 8 ) ) 21 ) 2 ) ( min ( / ( - v2 29 ) 2 ) ( + ( / ( - ( + ( min v0 101 ) v1 ) 227 ) 64 ) ( * ( / ( - ( / ( + v2 1 ) 2 ) ( / ( - ( + ( min v0 101 ) v1 ) 227 ) 64 ) ) 16 ) 16 ) ) ) ) )
23,( && ( <= ( + ( min ( / ( - ( + ( min v0 11 ) v1 ) 25 ) 8 ) ( / ( - v2 23 ) 4 ) ) 1 ) ( / ( min ( / ( - ( + ( min v0 11 ) v1 ) 17 ) 4 ) ( / ( - v2 13 ) 2 ) ) 2 ) ) ( <= ( / ( - ( min ( / ( - v2 13 ) 2 ) ( + ( / ( - ( + ( min v0 11 ) v1 ) 17 ) 4 ) ( * ( / ( - ( / ( min ( / ( + ( + v0 v1 ) 5 ) 2 ) v3 ) 2 ) ( / ( - ( + ( min v0 11 ) v1 ) 17 ) 4 ) ) 8 ) 8 ) ) ) 5 ) 2 ) ( min ( / ( - v2 23 ) 4 ) ( + ( / ( - ( + ( min v0 11 ) v1 ) 25 ) 8 ) ( * ( / ( - ( / ( + v2 5 ) 4 ) ( / ( - ( + ( min v0 11 ) v1 ) 25 ) 8 ) ) 8 ) 8 ) ) ) ) )
24,( && ( && ( <= ( + ( min ( / ( - ( + ( min v0 11 ) v1 ) 25 ) 8 ) ( / ( - v2 23 ) 4 ) ) 1 ) ( / ( min ( / ( - ( + ( min v0 11 ) v1 ) 17 ) 4 ) ( / ( - v2 13 ) 2 ) ) 2 ) ) ( <= ( / ( - ( min ( / ( - v2 13 ) 2 ) ( + ( / ( - ( + ( min v0 11 ) v1 ) 17 ) 4 ) ( * ( / ( - ( / ( min ( / ( + ( + v0 v1 ) 5 ) 2 ) v3 ) 2 ) ( / ( - ( + ( min v0 11 ) v1 ) 17 ) 4 ) ) 8 ) 8 ) ) ) 5 ) 2 ) ( min ( / ( - v2 23 ) 4 ) ( + ( / ( - ( + ( min v0 11 ) v1 ) 25 ) 8 ) ( * ( / ( - ( / ( + v2 5 ) 4 ) ( / ( - ( + ( min v0 11 ) v1 ) 25 ) 8 ) ) 8 ) 8 ) ) ) ) ) ( <= ( / ( + v4 1 ) 4 ) ( + ( * ( / ( - ( / ( + v4 5 ) 4 ) v5 ) 2 ) 2 ) v5 ) ) )
25,( && ( <= ( + ( min ( / ( - ( + ( min v0 11 ) v1 ) 41 ) 16 ) ( / ( - v2 43 ) 8 ) ) 1 ) ( / ( min ( / ( - ( + ( min v0 11 ) v1 ) 25 ) 8 ) ( / ( - v2 23 ) 4 ) ) 2 ) ) ( <= ( / ( - ( min ( / ( - v2 23 ) 4 ) ( + ( / ( - ( + ( min v0 11 ) v1 ) 25 ) 8 ) ( * ( / ( - ( / ( + v2 5 ) 4 ) ( / ( - ( + ( min v0 11 ) v1 ) 25 ) 8 ) ) 8 ) 8 ) ) ) 5 ) 2 ) ( min ( / ( - v2 43 ) 8 ) ( + ( / ( - ( + ( min v0 11 ) v1 ) 41 ) 16 ) ( * ( / ( - ( / ( + v2 13 ) 8 ) ( / ( - ( + ( min v0 11 ) v1 ) 41 ) 16 ) ) 8 ) 8 ) ) ) ) )
26,( <= ( / ( - ( min ( + ( / ( - ( + ( min v0 17 ) v1 ) 23 ) 4 ) ( * ( / ( - v2 1 ) 8 ) 8 ) ) ( - v3 8 ) ) 183 ) 2 ) ( + ( / v4 2 ) ( * ( / ( + ( - ( / ( + ( min ( + ( / ( - ( + ( min v0 17 ) v1 ) 23 ) 4 ) ( * ( / ( + v2 7 ) 8 ) 8 ) ) v3 ) 1 ) 2 ) ( / v4 2 ) ) 1 ) 98 ) 98 ) ) )
27,( && ( <= ( + ( min ( / ( - ( + ( min v0 17 ) v1 ) 31 ) 8 ) ( / ( - v2 13 ) 2 ) ) 1 ) ( / ( min ( / ( - ( + ( min v0 17 ) v1 ) 23 ) 4 ) ( - v2 8 ) ) 2 ) ) ( <= ( / ( - ( min ( + ( / ( - ( + ( min v0 17 ) v1 ) 23 ) 4 ) ( * ( / ( - ( - v2 ( / ( - ( + ( min v0 17 ) v1 ) 23 ) 4 ) ) 1 ) 8 ) 8 ) ) ( - v2 8 ) ) 5 ) 2 ) ( min ( / ( - v2 13 ) 2 ) ( + ( / ( - ( + ( min v0 17 ) v1 ) 31 ) 8 ) ( * ( / ( - ( / ( + v2 1 ) 2 ) ( / ( - ( + ( min v0 17 ) v1 ) 31 ) 8 ) ) 8 ) 8 ) ) ) ) )
28,( && ( <= ( + ( min ( / ( - ( + ( min v0 17 ) v1 ) 47 ) 16 ) ( / ( - v2 23 ) 4 ) ) 1 ) ( / ( min ( / ( - ( + ( min v0 17 ) v1 ) 31 ) 8 ) ( / ( - v2 13 ) 2 ) ) 2 ) ) ( <= ( / ( - ( min ( / ( - v2 13 ) 2 ) ( + ( / ( - ( + ( min v0 17 ) v1 ) 31 ) 8 ) ( * ( / ( - ( / ( + v2 1 ) 2 ) ( / ( - ( + ( min v0 17 ) v1 ) 31 ) 8 ) ) 8 ) 8 ) ) ) 5 ) 2 ) ( min ( / ( - v2 23 ) 4 ) ( + ( / ( - ( + ( min v0 17 ) v1 ) 47 ) 16 ) ( * ( / ( - ( / ( + v2 5 ) 4 ) ( / ( - ( + ( min v0 17 ) v1 ) 47 ) 16 ) ) 8 ) 8 ) ) ) ) )
29,( <= ( / ( - ( min ( + ( / ( - ( + ( min v0 29 ) v1 ) 43 ) 8 ) ( * ( / ( - v2 1 ) 8 ) 8 ) ) ( - v3 8 ) ) 87 ) 2 ) ( + ( / v4 2 ) ( * ( / ( + ( - ( / ( + ( min ( + ( / ( - ( + ( min v0 29 ) v1 ) 43 ) 8 ) ( * ( / ( + v2 7 ) 8 ) 8 ) ) v3 ) 1 ) 2 ) ( / v4 2 ) ) 1 ) 50 ) 50 ) ) )
30,( && ( <= ( + ( min ( / ( - ( + ( min v0 29 ) v1 ) 59 ) 16 ) ( / ( - v2 13 ) 2 ) ) 1 ) ( / ( min ( / ( - ( + ( min v0 29 ) v1 ) 43 ) 8 ) ( - v2 8 ) ) 2 ) ) ( <= ( / ( - ( min ( + ( / ( - ( + ( min v0 29 ) v1 ) 43 ) 8 ) ( * ( / ( - ( - v2 ( / ( - ( + ( min v0 29 ) v1 ) 43 ) 8 ) ) 1 ) 8 ) 8 ) ) ( - v2 8 ) ) 5 ) 2 ) ( min ( / ( - v2 13 ) 2 ) ( + ( / ( - ( + ( min v0 29 ) v1 ) 59 ) 16 ) ( * ( / ( - ( / ( + v2 1 ) 2 ) ( / ( - ( + ( min v0 29 ) v1 ) 59 ) 16 ) ) 8 ) 8 ) ) ) ) )
31,( && ( <= ( + ( min ( / ( - ( + ( min v0 29 ) v1 ) 91 ) 32 ) ( / ( - v2 23 ) 4 ) ) 1 ) ( / ( min ( / ( - ( + ( min v0 29 ) v1 ) 59 ) 16 ) ( / ( - v2 13 ) 2 ) ) 2 ) ) ( <= ( / ( - ( min ( / ( - v2 13 ) 2 ) ( + ( / ( - ( + ( min v0 29 ) v1 ) 59 ) 16 ) ( * ( / ( - ( / ( + v2 1 ) 2 ) ( / ( - ( + ( min v0 29 ) v1 ) 59 ) 16 ) ) 8 ) 8 ) ) ) 5 ) 2 ) ( min ( / ( - v2 23 ) 4 ) ( + ( / ( - ( + ( min v0 29 ) v1 ) 91 ) 32 ) ( * ( / ( - ( / ( + v2 5 ) 4 ) ( / ( - ( + ( min v0 29 ) v1 ) 91 ) 32 ) ) 8 ) 8 ) ) ) ) )
32,( && ( <= ( min ( + ( min ( * v0 4 ) 3 ) v1 ) v2 ) ( + ( * v0 4 ) v1 ) ) ( <= ( + ( min ( * v0 4 ) 3 ) v1 ) ( + ( * ( / ( + ( - ( + ( min ( * v0 4 ) 3 ) v1 ) v2 ) 3 ) 4 ) 4 ) v2 ) ) )
33,( && ( <= ( + ( min ( / ( - ( + ( min v0 53 ) v1 ) 115 ) 32 ) ( / ( - v2 13 ) 2 ) ) 1 ) ( / ( min ( / ( - ( + ( min v0 53 ) v1 ) 83 ) 16 ) ( - v2 8 ) ) 2 ) ) ( <= ( / ( - ( min ( + ( / ( - ( + ( min v0 53 ) v1 ) 83 ) 16 ) ( * ( / ( - ( - v2 ( / ( - ( + ( min v0 53 ) v1 ) 83 ) 16 ) ) 1 ) 8 ) 8 ) ) ( - v2 8 ) ) 5 ) 2 ) ( min ( / ( - v2 13 ) 2 ) ( + ( / ( - ( + ( min v0 53 ) v1 ) 115 ) 32 ) ( * ( / ( - ( / ( + v2 1 ) 2 ) ( / ( - ( + ( min v0 53 ) v1 ) 115 ) 32 ) ) 8 ) 8 ) ) ) ) )
34,( && ( <= ( + ( min ( / ( - ( + ( min v0 53 ) v1 ) 179 ) 64 ) ( / ( - v2 55 ) 4 ) ) 1 ) ( / ( min ( / ( - ( + ( min v0 53 ) v1 ) 115 ) 32 ) ( / ( - v2 13 ) 2 ) ) 2 ) ) ( <= ( / ( - ( min ( / ( - v2 13 ) 2 ) ( + ( / ( - ( + ( min v0 53 ) v1 ) 115 ) 32 ) ( * ( / ( - ( / ( + v2 1 ) 2 ) ( / ( - ( + ( min v0 53 ) v1 ) 115 ) 32 ) ) 8 ) 8 ) ) ) 21 ) 2 ) ( min ( / ( - v2 55 ) 4 ) ( + ( / ( - ( + ( min v0 53 ) v1 ) 179 ) 64 ) ( * ( / ( - ( / ( + v2 5 ) 4 ) ( / ( - ( + ( min v0 53 ) v1 ) 179 ) 64 ) ) 16 ) 16 ) ) ) ) )
35,( <= ( - ( min ( + ( / ( - ( + ( min v0 53 ) v1 ) 83 ) 16 ) ( * ( / ( - v2 1 ) 8 ) 8 ) ) ( - v3 8 ) ) 42 ) ( + ( * ( / ( - ( - ( min ( + ( / ( - ( + ( min v0 53 ) v1 ) 83 ) 16 ) ( * ( / ( + v2 7 ) 8 ) 8 ) ) v3 ) v4 ) 1 ) 50 ) 50 ) v4 ) )
36,( <= ( + ( min ( min ( - v0 ( * v1 117 ) ) v2 ) 116 ) ( * ( min ( / ( - v0 v2 ) 117 ) v1 ) 117 ) ) v3 )
37,( <= ( + ( min ( min ( - v0 ( * v1 161 ) ) v2 ) 160 ) ( * ( min ( / ( - v0 v2 ) 161 ) v1 ) 161 ) ) v3 )
38,( && ( <= ( - ( / ( min ( + v0 10 ) v1 ) 2 ) 5 ) ( / v0 2 ) ) ( <= ( - ( / v1 2 ) 5 ) ( + ( / v0 2 ) ( * ( / ( + ( - ( / v1 2 ) ( / v0 2 ) ) 2 ) 8 ) 8 ) ) ) )
39,( <= ( / ( - ( min ( + v0 11 ) v1 ) 13 ) 2 ) ( / ( - v1 13 ) 2 ) )
40,( && ( <= ( / ( min ( - v0 11 ) v1 ) 2 ) ( / ( min ( - v0 8 ) v1 ) 2 ) ) ( <= ( / ( - ( min ( + ( * ( / ( - ( - v0 v1 ) 1 ) 8 ) 8 ) v1 ) ( - v0 8 ) ) 5 ) 2 ) ( min ( / ( - v0 13 ) 2 ) ( - ( + ( / v1 2 ) ( * ( / ( + ( - ( / ( + v0 1 ) 2 ) ( / v1 2 ) ) 1 ) 8 ) 8 ) ) 1 ) ) ) )
41,( <= ( + ( / ( + ( + ( min v0 11 ) v1 ) 367 ) 4 ) ( * ( / v2 97 ) 97 ) ) ( + ( / ( + ( + ( min v0 11 ) v1 ) 755 ) 4 ) ( * ( / ( - ( + ( / ( + ( + ( min v0 11 ) v1 ) 367 ) 4 ) ( * ( / v2 97 ) 97 ) ) ( / ( - ( + ( min v0 11 ) v1 ) 17 ) 4 ) ) 194 ) 194 ) ) )
42,( <= ( - ( min ( / ( - v0 13 ) 2 ) ( + ( / ( - ( + ( min v1 11 ) v2 ) 17 ) 4 ) ( * ( / v3 8 ) 8 ) ) ) 186 ) ( + ( * ( / ( - ( - ( min ( / ( + v0 3 ) 2 ) ( + ( / ( + ( + ( min v1 11 ) v2 ) 15 ) 4 ) ( * ( / v3 8 ) 8 ) ) ) v4 ) 1 ) 194 ) 194 ) v4 ) )
43,( <= ( / ( - ( min ( / ( - v0 13 ) 2 ) ( + ( / ( - ( + ( min v1 17 ) v2 ) 31 ) 8 ) ( * ( / v3 8 ) 8 ) ) ) 87 ) 2 ) ( + ( / v4 2 ) ( * ( / ( + ( - ( / ( + ( min ( / ( + v0 3 ) 2 ) ( + ( / ( + ( + ( min v1 17 ) v2 ) 33 ) 8 ) ( * ( / v3 8 ) 8 ) ) ) 1 ) 2 ) ( / v4 2 ) ) 1 ) 50 ) 50 ) ) )
44,( <= ( - ( min ( / ( - v0 13 ) 2 ) ( + ( / ( - ( + ( min v1 17 ) v2 ) 31 ) 8 ) ( * ( / v3 8 ) 8 ) ) ) 90 ) ( + ( * ( / ( - ( - ( min ( / ( + v0 3 ) 2 ) ( + ( / ( + ( + ( min v1 17 ) v2 ) 33 ) 8 ) ( * ( / v3 8 ) 8 ) ) ) v4 ) 1 ) 98 ) 98 ) v4 ) )
45,( <= ( / ( - ( min ( / ( - v0 13 ) 2 ) ( + ( / ( - ( + ( min v1 29 ) v2 ) 59 ) 16 ) ( * ( / v3 8 ) 8 ) ) ) 39 ) 2 ) ( + ( / v4 2 ) ( * ( / ( + ( - ( / ( + ( min ( / ( + v0 3 ) 2 ) ( + ( / ( + ( + ( min v1 29 ) v2 ) 69 ) 16 ) ( * ( / v3 8 ) 8 ) ) ) 1 ) 2 ) ( / v4 2 ) ) 1 ) 26 ) 26 ) ) )
46,( <= ( / ( - ( min ( / ( - v0 13 ) 2 ) ( + ( / ( - ( + ( min v1 53 ) v2 ) 115 ) 32 ) ( * ( / v3 8 ) 8 ) ) ) 15 ) 2 ) ( + ( / v4 2 ) ( * ( / ( + ( - ( / ( + ( min ( / ( + v0 3 ) 2 ) ( + ( / ( + ( + ( min v1 53 ) v2 ) 141 ) 32 ) ( * ( / v3 8 ) 8 ) ) ) 1 ) 2 ) ( / v4 2 ) ) 1 ) 14 ) 14 ) ) )
47,( <= ( - ( min ( / ( - v0 13 ) 2 ) ( + ( / ( - ( + ( min v1 53 ) v2 ) 115 ) 32 ) ( * ( / v3 8 ) 8 ) ) ) 18 ) ( + ( * ( / ( - ( - ( min ( / ( + v0 3 ) 2 ) ( + ( / ( + ( + ( min v1 53 ) v2 ) 141 ) 32 ) ( * ( / v3 8 ) 8 ) ) ) v4 ) 1 ) 26 ) 26 ) v4 ) )
48,( <= ( min ( + ( + ( * v0 144 ) v1 ) 128 ) v2 ) ( min ( + ( * ( min ( / ( + ( min ( - v2 ( + ( * v0 144 ) v1 ) ) 128 ) 15 ) 16 ) 8 ) 16 ) ( + ( * v0 144 ) v1 ) ) v2 ) )
49,( <= ( - ( min ( + ( + ( * v0 144 ) v1 ) 136 ) v2 ) 8 ) ( + ( * ( / ( + ( min ( - v2 ( + ( * v0 144 ) v1 ) ) 136 ) 7 ) 16 ) 16 ) ( + ( * v0 144 ) v1 ) ) )
50,( <= ( - ( min ( + ( + ( * v0 144 ) v1 ) 139 ) v2 ) 11 ) ( + ( * ( / ( + ( min ( - v2 ( + ( * v0 144 ) v1 ) ) 139 ) 4 ) 16 ) 16 ) ( + ( * v0 144 ) v1 ) ) )
51,( <= ( - ( min ( + ( + ( * v0 144 ) v1 ) 140 ) v2 ) 12 ) ( + ( * ( / ( + ( min ( - v2 ( + ( * v0 144 ) v1 ) ) 140 ) 3 ) 16 ) 16 ) ( + ( * v0 144 ) v1 ) ) )
52,( <= ( - ( min ( + ( + ( * v0 144 ) v1 ) 142 ) v2 ) 14 ) ( + ( * ( / ( + ( min ( - v2 ( + ( * v0 144 ) v1 ) ) 142 ) 1 ) 16 ) 16 ) ( + ( * v0 144 ) v1 ) ) )
53,( <= ( - ( min ( + ( + ( * v0 144 ) v1 ) 142 ) v2 ) 70 ) ( + ( * ( / ( + ( min ( - v2 ( + ( * v0 144 ) v1 ) ) 142 ) 1 ) 72 ) 72 ) ( + ( * v0 144 ) v1 ) ) )
54,( && ( <= ( + ( min ( / ( - v0 14 ) 8 ) ( - ( / ( + ( / ( - v0 10 ) 4 ) v1 ) 2 ) 6 ) ) 1 ) ( / ( min ( / ( - v0 6 ) 4 ) ( + ( / ( - v0 38 ) 4 ) v1 ) ) 2 ) ) ( <= ( / ( - ( min ( + ( / ( - v0 6 ) 4 ) ( * ( / ( - ( + ( / ( - v0 10 ) 4 ) v1 ) ( / ( - v0 6 ) 4 ) ) 8 ) 8 ) ) ( + ( / ( - v0 38 ) 4 ) v1 ) ) 5 ) 2 ) ( min ( + ( / ( - v0 14 ) 8 ) ( * ( / ( + ( - ( / ( + ( / ( - v0 10 ) 4 ) v1 ) 2 ) ( / ( - v0 14 ) 8 ) ) 1 ) 8 ) 8 ) ) ( - ( / ( + ( / ( - v0 10 ) 4 ) v1 ) 2 ) 6 ) ) ) )
55,( && ( <= ( / ( - ( min ( + v0 17 ) v1 ) 23 ) 4 ) ( / ( - ( min ( + v0 11 ) v1 ) 17 ) 4 ) ) ( <= ( / ( - ( min ( / ( - v1 13 ) 2 ) ( - ( + ( / v0 2 ) ( * ( / ( + ( - ( / ( + v1 1 ) 2 ) ( / v0 2 ) ) 1 ) 8 ) 8 ) ) 1 ) ) 5 ) 2 ) ( min ( / ( - v1 23 ) 4 ) ( + ( / ( - v0 6 ) 4 ) ( * ( / ( - ( / ( + v1 5 ) 4 ) ( / ( - v0 6 ) 4 ) ) 8 ) 8 ) ) ) ) )
56,( && ( <= ( / ( - ( + ( min ( + ( * v0 193 ) 10 ) v1 ) ( / v2 2 ) ) 3 ) 2 ) ( / ( + ( min ( + ( * v0 193 ) 7 ) v1 ) ( / v2 2 ) ) 2 ) ) ( <= ( / ( - ( min ( + ( + ( * ( / ( min ( - v1 ( * v0 193 ) ) 192 ) 8 ) 8 ) v3 ) 7 ) v4 ) 13 ) 2 ) ( min ( / ( - v4 13 ) 2 ) ( + ( / ( - v3 3 ) 2 ) ( * ( / ( - ( / ( + v4 1 ) 2 ) ( / ( - v3 3 ) 2 ) ) 8 ) 8 ) ) ) ) )
57,( <= ( - ( + ( min ( * ( % ( / v0 2 ) 2 ) 2 ) 1 ) ( + ( / v0 4 ) v1 ) ) 1 ) ( + ( / ( + v0 6 ) 4 ) v1 ) )
58,( <= ( - ( min ( + ( / ( + v0 22 ) 4 ) ( * ( / v1 8 ) 8 ) ) v2 ) 193 ) ( + ( * ( / ( - ( min ( + ( / ( + v0 22 ) 4 ) ( * ( / v1 8 ) 8 ) ) v2 ) v3 ) 194 ) 194 ) v3 ) )
59,( <= ( / ( - ( min ( / ( - v0 23 ) 4 ) ( + ( / ( - ( + ( min v1 17 ) v2 ) 47 ) 16 ) ( * ( / v3 8 ) 8 ) ) ) 39 ) 2 ) ( + ( / v4 2 ) ( * ( / ( + ( - ( / ( + ( min ( / ( + v0 9 ) 4 ) ( + ( / ( + ( + ( min v1 17 ) v2 ) 81 ) 16 ) ( * ( / v3 8 ) 8 ) ) ) 1 ) 2 ) ( / v4 2 ) ) 1 ) 26 ) 26 ) ) )
60,( <= ( - ( min ( / ( - v0 23 ) 4 ) ( + ( / ( - ( + ( min v1 29 ) v2 ) 91 ) 32 ) ( * ( / v3 8 ) 8 ) ) ) 18 ) ( + ( * ( / ( - ( - ( min ( / ( + v0 9 ) 4 ) ( + ( / ( + ( + ( min v1 29 ) v2 ) 165 ) 32 ) ( * ( / v3 8 ) 8 ) ) ) v4 ) 1 ) 26 ) 26 ) v4 ) )
61,( && ( <= ( + ( min ( / ( - v0 23 ) 4 ) ( - ( / v1 8 ) 3 ) ) 1 ) ( / ( min ( / ( - v0 13 ) 2 ) ( - ( / v1 4 ) 4 ) ) 2 ) ) ( <= ( / ( - ( min ( / ( - v0 13 ) 2 ) ( - ( + ( / v1 4 ) ( * ( / ( + ( - ( / ( + v0 1 ) 2 ) ( / v1 4 ) ) 4 ) 8 ) 8 ) ) 4 ) ) 5 ) 2 ) ( min ( / ( - v0 23 ) 4 ) ( - ( + ( / v1 8 ) ( * ( / ( + ( - ( / ( + v0 5 ) 4 ) ( / v1 8 ) ) 3 ) 8 ) 8 ) ) 3 ) ) ) )
62,( && ( <= ( + ( min ( / ( - v0 25 ) 8 ) ( / ( - v1 55 ) 4 ) ) 1 ) ( / ( min ( / ( - v0 17 ) 4 ) ( / ( - v1 13 ) 2 ) ) 2 ) ) ( <= ( / ( - ( min ( / ( - v1 13 ) 2 ) ( + ( / ( - v0 17 ) 4 ) ( * ( / ( - ( / ( + v1 1 ) 2 ) ( / ( - v0 17 ) 4 ) ) 8 ) 8 ) ) ) 21 ) 2 ) ( min ( / ( - v1 55 ) 4 ) ( + ( / ( - v0 25 ) 8 ) ( * ( / ( - ( / ( + v1 5 ) 4 ) ( / ( - v0 25 ) 8 ) ) 16 ) 16 ) ) ) ) )
63,( <= ( / ( - ( min ( + v0 27 ) v1 ) 29 ) 2 ) ( / ( - v1 29 ) 2 ) )
64,( && ( <= ( / ( min ( - v0 27 ) v1 ) 2 ) ( / ( min ( - v0 16 ) v1 ) 2 ) ) ( <= ( / ( - ( min ( + ( * ( / ( - ( - v0 v1 ) 1 ) 16 ) 16 ) v1 ) ( - v0 16 ) ) 13 ) 2 ) ( min ( / ( - v0 29 ) 2 ) ( - ( + ( / v1 2 ) ( * ( / ( + ( - ( / ( + v0 1 ) 2 ) ( / v1 2 ) ) 1 ) 16 ) 16 ) ) 1 ) ) ) )
65,( && ( <= ( / ( min ( - v0 27 ) v1 ) 2 ) ( / ( min ( - v0 8 ) v1 ) 2 ) ) ( <= ( / ( - ( min ( + ( * ( / ( - ( - v0 v1 ) 1 ) 8 ) 8 ) v1 ) ( - v0 8 ) ) 21 ) 2 ) ( min ( / ( - v0 29 ) 2 ) ( - ( + ( / v1 2 ) ( * ( / ( + ( - ( / ( + v0 1 ) 2 ) ( / v1 2 ) ) 1 ) 16 ) 16 ) ) 1 ) ) ) )
66,( <= ( + ( min ( / ( - v0 29 ) 2 ) ( + ( / ( - ( + ( min v1 101 ) v2 ) 227 ) 64 ) ( * ( / v3 16 ) 16 ) ) ) 2 ) ( + ( * ( / ( - ( - ( min ( / ( + v0 3 ) 2 ) ( + ( / ( + ( + ( min v1 101 ) v2 ) 797 ) 64 ) ( * ( / v3 16 ) 16 ) ) ) v4 ) 1 ) 14 ) 14 ) v4 ) )
67,( <= ( / ( + ( min ( / ( - v0 29 ) 2 ) ( + ( / ( - ( + ( min v1 101 ) v2 ) 227 ) 64 ) ( * ( / v3 16 ) 16 ) ) ) 5 ) 2 ) ( + ( / v4 2 ) ( * ( / ( + ( - ( / ( + ( min ( / ( + v0 3 ) 2 ) ( + ( / ( + ( + ( min v1 101 ) v2 ) 797 ) 64 ) ( * ( / v3 16 ) 16 ) ) ) 1 ) 2 ) ( / v4 2 ) ) 1 ) 8 ) 8 ) ) )
68,( <= ( - ( min ( + ( + ( * ( + ( * v0 2 ) v1 ) 144 ) v2 ) 140 ) v3 ) 12 ) ( + ( * ( / ( + ( min ( - v3 ( + ( * ( + ( * v0 2 ) v1 ) 144 ) v2 ) ) 140 ) 3 ) 16 ) 16 ) ( + ( * ( + ( * v0 2 ) v1 ) 144 ) v2 ) ) )
69,( <= ( - ( min ( + ( + ( * ( + ( * v0 2 ) v1 ) 144 ) v2 ) 142 ) v3 ) 14 ) ( + ( * ( / ( + ( min ( - v3 ( + ( * ( + ( * v0 2 ) v1 ) 144 ) v2 ) ) 142 ) 1 ) 16 ) 16 ) ( + ( * ( + ( * v0 2 ) v1 ) 144 ) v2 ) ) )
70,( <= ( / ( - ( min ( + ( / v0 2 ) ( * v1 161 ) ) v2 ) 3 ) 2 ) ( / ( - v2 3 ) 2 ) )
71,( <= ( + ( / ( min ( + ( + ( / v0 2 ) ( * ( / ( + v1 1 ) 8 ) 8 ) ) 6 ) v2 ) 2 ) 1 ) ( + ( / ( + v3 377 ) 2 ) ( * ( / ( + ( - ( / ( min ( - ( + ( / v0 2 ) ( * ( / ( + v1 9 ) 8 ) 8 ) ) 2 ) v2 ) 2 ) ( / ( - v3 9 ) 2 ) ) 1 ) 194 ) 194 ) ) )
72,( && ( <= ( - ( / ( min ( + v0 2 ) v1 ) 2 ) 1 ) ( / v0 2 ) ) ( <= ( - ( / v1 2 ) 1 ) ( + ( / v0 2 ) ( * ( / ( + ( - ( / v1 2 ) ( / v0 2 ) ) 2 ) 4 ) 4 ) ) ) )
73,( <= ( / ( - ( min ( + ( / v0 2 ) ( * v1 321 ) ) v2 ) 3 ) 2 ) ( / ( - v2 3 ) 2 ) )
74,( <= ( / ( - ( min ( + ( / v0 2 ) ( * v1 41 ) ) v2 ) 3 ) 2 ) ( / ( - v2 3 ) 2 ) )
75,( <= ( / ( - ( min ( + ( / v0 2 ) ( * v1 81 ) ) v2 ) 3 ) 2 ) ( / ( - v2 3 ) 2 ) )
76,( < ( + ( min ( + ( * v0 31 ) ( + ( * v1 4 ) v2 ) ) ( - v3 1 ) ) ( / ( - v4 6 ) 4 ) ) ( + ( / ( - v4 2 ) 4 ) ( + ( * v0 31 ) ( + ( * v1 4 ) v2 ) ) ) )
77,( <= ( - ( min ( + ( / ( - v0 3 ) 2 ) ( * ( / ( + v1 1 ) 8 ) 8 ) ) ( - ( / v2 2 ) 6 ) ) 36 ) ( + ( / v3 2 ) ( * ( / ( + ( - ( min ( + ( / ( - v0 3 ) 2 ) ( * ( / ( + v1 9 ) 8 ) 8 ) ) ( + ( / v2 2 ) 2 ) ) ( / v3 2 ) ) 5 ) 50 ) 50 ) ) )
78,( <= ( / ( min ( + v0 3 ) v1 ) 2 ) ( / v1 2 ) )
79,( && ( <= ( / ( - ( min ( + v0 41 ) v1 ) 38 ) 4 ) ( / ( min ( + v0 3 ) v1 ) 4 ) ) ( <= ( / ( - ( min ( + ( / ( - v0 9 ) 2 ) ( * ( / ( + ( - ( / v1 2 ) ( / ( - v0 9 ) 2 ) ) 1 ) 8 ) 8 ) ) ( - ( / v1 2 ) 6 ) ) 21 ) 2 ) ( min ( / ( - v1 54 ) 4 ) ( + ( / ( - v0 13 ) 4 ) ( * ( / ( - ( / ( + v1 6 ) 4 ) ( / ( - v0 13 ) 4 ) ) 16 ) 16 ) ) ) ) )
80,( && ( <= ( / ( - ( min ( + v0 49 ) v1 ) 55 ) 4 ) ( / ( - ( min ( + v0 11 ) v1 ) 17 ) 4 ) ) ( <= ( / ( - ( min ( / ( - v1 13 ) 2 ) ( - ( + ( / v0 2 ) ( * ( / ( + ( - ( / ( + v1 1 ) 2 ) ( / v0 2 ) ) 1 ) 8 ) 8 ) ) 1 ) ) 21 ) 2 ) ( min ( / ( - v1 55 ) 4 ) ( + ( / ( - v0 6 ) 4 ) ( * ( / ( - ( / ( + v1 5 ) 4 ) ( / ( - v0 6 ) 4 ) ) 16 ) 16 ) ) ) ) )
81,( <= ( - ( min ( + ( / ( + v0 5 ) 2 ) v1 ) ( + ( + ( * ( / ( - ( + ( / ( + v0 3 ) 2 ) v1 ) v2 ) 2 ) 2 ) v2 ) 2 ) ) 1 ) ( + ( / ( + v0 3 ) 2 ) v1 ) )
82,( <= ( min ( / ( - v0 6 ) 4 ) ( + ( min v1 49 ) ( / ( - v0 38 ) 4 ) ) ) ( min ( / ( - v0 6 ) 4 ) ( + ( / ( - v0 38 ) 4 ) v1 ) ) )
83,( <= ( min ( / ( - v0 6 ) 4 ) ( + ( / ( - v0 38 ) 4 ) v1 ) ) ( min ( / ( - v0 6 ) 4 ) ( + ( min v1 49 ) ( / ( - v0 38 ) 4 ) ) ) )
84,( <= ( / ( - ( min ( + ( / ( - v0 6 ) 4 ) ( * ( / ( + v1 1 ) 8 ) 8 ) ) ( - ( / v2 2 ) 6 ) ) 85 ) 2 ) ( + ( / v3 2 ) ( * ( / ( + ( - ( / ( + ( min ( + ( / ( - v0 6 ) 4 ) ( * ( / ( + v1 9 ) 8 ) 8 ) ) ( + ( / v2 2 ) 2 ) ) 1 ) 2 ) ( / v3 2 ) ) 1 ) 49 ) 49 ) ) )
85,( <= ( min ( + ( / ( - v0 6 ) 4 ) ( * ( / v1 8 ) 8 ) ) ( + ( / ( - v0 38 ) 4 ) v2 ) ) ( min ( + ( * ( / v1 8 ) 8 ) ( + ( / ( - v0 6 ) 4 ) ( * ( max ( / v3 49 ) 0 ) 49 ) ) ) ( + ( / ( - v0 38 ) 4 ) v2 ) ) )
86,( <= ( - ( / ( min ( + ( / ( - v0 6 ) 4 ) v1 ) ( + v2 6 ) ) 2 ) 3 ) ( / v2 2 ) )
87,( <= ( / ( - ( min ( + v0 6 ) ( + ( / v1 2 ) v2 ) ) 3 ) 2 ) ( / ( + v0 3 ) 2 ) )
88,( < ( + ( min ( + ( * v0 81 ) ( + ( * v1 41 ) v2 ) ) ( - v3 1 ) ) ( / ( - v4 6 ) 4 ) ) ( + ( / ( - v4 2 ) 4 ) ( + ( * v0 81 ) ( + ( * v1 41 ) v2 ) ) ) )
89,( < ( + ( min ( + ( * v0 81 ) ( + ( * v1 8 ) v2 ) ) ( - v3 1 ) ) ( / ( - v4 6 ) 4 ) ) ( + ( / ( - v4 2 ) 4 ) ( + ( * v0 81 ) ( + ( * v1 8 ) v2 ) ) ) )
90,( && ( <= ( / ( - ( min ( + v0 9 ) v1 ) 6 ) 4 ) ( / ( min ( + v0 3 ) v1 ) 4 ) ) ( <= ( / ( - ( min ( + ( / ( - v0 9 ) 2 ) ( * ( / ( + ( - ( / v1 2 ) ( / ( - v0 9 ) 2 ) ) 1 ) 8 ) 8 ) ) ( - ( / v1 2 ) 6 ) ) 5 ) 2 ) ( min ( / ( - v1 22 ) 4 ) ( + ( / ( - v0 13 ) 4 ) ( * ( / ( - ( / ( + v1 6 ) 4 ) ( / ( - v0 13 ) 4 ) ) 8 ) 8 ) ) ) ) )
91,( <= ( min ( + ( * ( + v0 v1 ) 117 ) ( + ( min ( + ( * v2 59 ) ( + ( + ( * v3 4 ) v4 ) v5 ) ) v6 ) v7 ) ) v8 ) ( + ( * ( + v0 v1 ) 117 ) ( + ( + ( * v2 59 ) ( + ( + ( * v3 4 ) v4 ) v5 ) ) v7 ) ) )
92,( <= ( / ( + ( min ( / ( - ( + v0 v1 ) 13 ) 2 ) ( - ( + ( / v1 2 ) ( * ( / ( + v2 1 ) 8 ) 8 ) ) 1 ) ) 9 ) 2 ) ( + ( / ( + ( + ( min v0 11 ) v1 ) 367 ) 4 ) ( * ( / ( - ( / ( min ( / ( + ( + v0 v1 ) 5 ) 2 ) ( + ( / v1 2 ) ( * ( / ( + v2 9 ) 8 ) 8 ) ) ) 2 ) ( / ( - ( + ( min v0 11 ) v1 ) 17 ) 4 ) ) 97 ) 97 ) ) )
93,( <= ( / ( + ( min ( / ( - ( + v0 v1 ) 13 ) 2 ) ( - ( + ( / v1 2 ) ( * ( / ( + v2 1 ) 8 ) 8 ) ) 1 ) ) 9 ) 2 ) ( + ( / ( + ( + ( min v0 11 ) v1 ) 755 ) 4 ) ( * ( / ( - ( / ( min ( / ( + ( + v0 v1 ) 5 ) 2 ) ( + ( / v1 2 ) ( * ( / ( + v2 9 ) 8 ) 8 ) ) ) 2 ) ( / ( - ( + ( min v0 11 ) v1 ) 17 ) 4 ) ) 194 ) 194 ) ) )
94,( <= ( - ( min ( + ( + ( * ( / ( - v0 v1 ) 16 ) 16 ) v1 ) 15 ) v0 ) 142 ) ( + ( * ( / ( - ( min ( + ( + ( * ( / ( - v0 v1 ) 16 ) 16 ) v1 ) 15 ) v0 ) v2 ) 143 ) 143 ) v2 ) )
95,( <= ( - ( min ( + ( + ( * ( / ( - v0 v1 ) 16 ) 16 ) v1 ) 15 ) v0 ) 70 ) ( + ( * ( / ( - ( min ( + ( + ( * ( / ( - v0 v1 ) 16 ) 16 ) v1 ) 15 ) v0 ) v2 ) 71 ) 71 ) v2 ) )
96,( <= ( min ( + ( * ( + v0 v1 ) 161 ) ( + ( min ( + ( * v2 81 ) ( + ( + ( * v3 2 ) v4 ) v5 ) ) v6 ) v7 ) ) v8 ) ( + ( * ( + v0 v1 ) 161 ) ( + ( + ( * v2 81 ) ( + ( + ( * v3 2 ) v4 ) v5 ) ) v7 ) ) )
97,( <= ( min ( + ( * ( + v0 v1 ) 161 ) ( + ( min ( + ( * v2 81 ) ( + ( + ( * v3 4 ) v4 ) v5 ) ) v6 ) v7 ) ) v8 ) ( + ( * ( + v0 v1 ) 161 ) ( + ( + ( * v2 81 ) ( + ( + ( * v3 4 ) v4 ) v5 ) ) v7 ) ) )
98,( <= ( min ( + ( * ( + v0 v1 ) 161 ) ( + ( min v2 v3 ) v4 ) ) v5 ) ( + ( * ( + v0 v1 ) 161 ) ( + v2 v4 ) ) )
99,( <= ( + ( min ( / ( - ( + v0 v1 ) 163 ) 32 ) ( + ( / ( - v1 62 ) 32 ) ( * ( / v2 8 ) 8 ) ) ) 7 ) ( + ( / ( + ( + ( min v0 101 ) v1 ) 221 ) 32 ) ( * ( / ( - ( - ( min ( / ( + ( + v0 v1 ) 93 ) 32 ) ( + ( / ( + v1 194 ) 32 ) ( * ( / v2 8 ) 8 ) ) ) ( / ( - ( + ( min v0 101 ) v1 ) 163 ) 32 ) ) 1 ) 13 ) 13 ) ) )
100,( <= ( + ( min ( / ( - ( + v0 v1 ) 163 ) 32 ) ( + ( / ( - v1 62 ) 32 ) ( * ( / v2 8 ) 8 ) ) ) 7 ) ( + ( / ( + ( + ( min v0 101 ) v1 ) 637 ) 32 ) ( * ( / ( - ( - ( min ( / ( + ( + v0 v1 ) 93 ) 32 ) ( + ( / ( + v1 194 ) 32 ) ( * ( / v2 8 ) 8 ) ) ) ( / ( - ( + ( min v0 101 ) v1 ) 163 ) 32 ) ) 1 ) 26 ) 26 ) ) )
101,( <= ( / ( + ( min ( / ( - ( + v0 v1 ) 163 ) 32 ) ( + ( / ( - v1 62 ) 32 ) ( * ( / v2 8 ) 8 ) ) ) 9 ) 2 ) ( + ( / ( - ( + ( min v0 101 ) v1 ) 35 ) 64 ) ( * ( / ( - ( / ( + ( min ( / ( + ( + v0 v1 ) 93 ) 32 ) ( + ( / ( + v1 194 ) 32 ) ( * ( / v2 8 ) 8 ) ) ) 1 ) 2 ) ( / ( - ( + ( min v0 101 ) v1 ) 227 ) 64 ) ) 4 ) 4 ) ) )
102,( <= ( / ( + ( min ( / ( - ( + v0 v1 ) 163 ) 32 ) ( + ( / ( - v1 62 ) 32 ) ( * ( / v2 8 ) 8 ) ) ) 9 ) 2 ) ( + ( / ( + ( + ( min v0 101 ) v1 ) 605 ) 64 ) ( * ( / ( - ( / ( + ( min ( / ( + ( + v0 v1 ) 93 ) 32 ) ( + ( / ( + v1 194 ) 32 ) ( * ( / v2 8 ) 8 ) ) ) 1 ) 2 ) ( / ( - ( + ( min v0 101 ) v1 ) 227 ) 64 ) ) 14 ) 14 ) ) )
103,( <= ( + ( min ( / ( - ( + v0 v1 ) 1667 ) 128 ) ( + ( / ( - v1 254 ) 128 ) ( * ( / v2 16 ) 16 ) ) ) 15 ) ( + ( / ( - ( + ( min v0 1413 ) v1 ) 1539 ) 128 ) ( * ( / ( - ( - ( min ( / ( + ( + v0 v1 ) 381 ) 128 ) ( + ( / ( + v1 1794 ) 128 ) ( * ( / v2 16 ) 16 ) ) ) ( / ( - ( + ( min v0 1413 ) v1 ) 1667 ) 128 ) ) 1 ) 2 ) 2 ) ) )
104,( <= ( + ( min ( / ( - ( + v0 v1 ) 1667 ) 128 ) ( + ( / ( - v1 254 ) 128 ) ( * ( / v2 16 ) 16 ) ) ) 15 ) ( + ( / ( - ( + ( min v0 1413 ) v1 ) 771 ) 128 ) ( * ( / ( - ( - ( min ( / ( + ( + v0 v1 ) 381 ) 128 ) ( + ( / ( + v1 1794 ) 128 ) ( * ( / v2 16 ) 16 ) ) ) ( / ( - ( + ( min v0 1413 ) v1 ) 1667 ) 128 ) ) 1 ) 8 ) 8 ) ) )
105,( <= ( + ( * ( min ( / ( - v0 v1 ) 16 ) v2 ) 16 ) v1 ) ( + ( max ( + ( * v2 16 ) ( - v1 v0 ) ) -15 ) ( min ( + ( + ( * v2 16 ) v1 ) 15 ) v0 ) ) )
106,( <= ( + ( / ( min ( + ( + ( * ( / ( + ( - v0 v1 ) 1 ) 8 ) 8 ) v1 ) 6 ) v0 ) 2 ) 1 ) ( + ( / ( + v2 89 ) 2 ) ( * ( / ( + ( - ( / ( min ( - ( + ( * ( / ( + ( - v0 v1 ) 9 ) 8 ) 8 ) v1 ) 2 ) v0 ) 2 ) ( / ( - v2 9 ) 2 ) ) 1 ) 50 ) 50 ) ) )
107,( <= ( - ( min ( + ( + ( * ( / ( + ( - v0 v1 ) 1 ) 8 ) 8 ) v1 ) 6 ) v0 ) 41 ) ( + ( * ( / ( + ( - ( min ( - ( + ( * ( / ( + ( - v0 v1 ) 9 ) 8 ) 8 ) v1 ) 2 ) v0 ) v2 ) 7 ) 49 ) 49 ) v2 ) )
108,( <= ( - ( min ( + ( + ( * ( / ( + ( - v0 v1 ) 1 ) 8 ) 8 ) v1 ) 6 ) v0 ) 89 ) ( + ( * ( / ( + ( - ( min ( - ( + ( * ( / ( + ( - v0 v1 ) 9 ) 8 ) 8 ) v1 ) 2 ) v0 ) v2 ) 7 ) 97 ) 97 ) v2 ) )
109,( <= ( / ( - ( min ( + ( * ( / ( + ( - v0 v1 ) 191 ) 16 ) 16 ) v1 ) ( + v0 176 ) ) 77 ) 2 ) ( + ( / v2 2 ) ( * ( / ( + ( - ( / ( + ( min ( + ( * ( / ( + ( - v0 v1 ) 207 ) 16 ) 16 ) v1 ) ( + v0 192 ) ) 1 ) 2 ) ( / v2 2 ) ) 1 ) 49 ) 49 ) ) )
110,( <= ( + ( min ( + ( + ( * ( / ( + ( - v0 v1 ) 2 ) 16 ) 16 ) v1 ) 13 ) v0 ) 3 ) ( min ( + ( min ( + ( * ( / ( + ( - ( min ( + ( * ( / ( + ( - v0 v1 ) 18 ) 16 ) 16 ) v1 ) ( + v0 3 ) ) v2 ) 12 ) 16 ) 16 ) v2 ) v0 ) 3 ) ( + ( * ( / ( + ( - v0 v1 ) 18 ) 16 ) 16 ) v1 ) ) )
111,( <= ( + ( min ( / ( - ( + v0 v1 ) 23 ) 4 ) ( + ( / ( - v1 6 ) 4 ) ( * ( / v2 8 ) 8 ) ) ) 7 ) ( + ( / ( + ( + ( min v0 17 ) v1 ) 749 ) 4 ) ( * ( / ( - ( - ( min ( / ( + ( + v0 v1 ) 9 ) 4 ) ( + ( / ( + v1 26 ) 4 ) ( * ( / v2 8 ) 8 ) ) ) ( / ( - ( + ( min v0 17 ) v1 ) 23 ) 4 ) ) 1 ) 194 ) 194 ) ) )
112,( <= ( / ( + ( min ( / ( - ( + v0 v1 ) 23 ) 4 ) ( + ( / ( - v1 6 ) 4 ) ( * ( / v2 8 ) 8 ) ) ) 9 ) 2 ) ( + ( / ( + ( + ( min v0 17 ) v1 ) 353 ) 8 ) ( * ( / ( - ( / ( + ( min ( / ( + ( + v0 v1 ) 9 ) 4 ) ( + ( / ( + v1 26 ) 4 ) ( * ( / v2 8 ) 8 ) ) ) 1 ) 2 ) ( / ( - ( + ( min v0 17 ) v1 ) 31 ) 8 ) ) 49 ) 49 ) ) )
113,( <= ( / ( + ( min ( / ( - ( + v0 v1 ) 23 ) 4 ) ( + ( / ( - v1 6 ) 4 ) ( * ( / v2 8 ) 8 ) ) ) 9 ) 2 ) ( + ( / ( + ( + ( min v0 17 ) v1 ) 745 ) 8 ) ( * ( / ( - ( / ( + ( min ( / ( + ( + v0 v1 ) 9 ) 4 ) ( + ( / ( + v1 26 ) 4 ) ( * ( / v2 8 ) 8 ) ) ) 1 ) 2 ) ( / ( - ( + ( min v0 17 ) v1 ) 31 ) 8 ) ) 98 ) 98 ) ) )
114,( <= ( / ( + ( min ( / ( - ( + v0 v1 ) 23 ) 4 ) ( + ( / ( - v1 6 ) 4 ) ( * ( / v2 8 ) 8 ) ) ) 9 ) 2 ) ( + ( / ( - ( + ( min v0 17 ) v1 ) 7 ) 8 ) ( * ( / ( - ( / ( + ( min ( / ( + ( + v0 v1 ) 9 ) 4 ) ( + ( / ( + v1 26 ) 4 ) ( * ( / v2 8 ) 8 ) ) ) 1 ) 2 ) ( / ( - ( + ( min v0 17 ) v1 ) 31 ) 8 ) ) 4 ) 4 ) ) )
115,( <= ( + ( + ( min ( - v0 ( + ( * v1 26 ) v2 ) ) 25 ) ( * v1 26 ) ) v2 ) ( min ( + ( + ( * v1 26 ) v2 ) 25 ) v0 ) )
116,( <= ( + ( * ( min ( / ( - v0 v1 ) 26 ) v2 ) 26 ) v1 ) ( + ( max ( + ( * v2 26 ) ( - v1 v0 ) ) -25 ) ( min ( + ( + ( * v2 26 ) v1 ) 25 ) v0 ) ) )
117,( <= ( + ( min ( + ( + ( * ( / ( + ( - v0 v1 ) 2 ) 8 ) 8 ) v1 ) 5 ) v0 ) 3 ) ( min ( + ( min ( + ( * ( / ( + ( - ( min ( + ( * ( / ( + ( - v0 v1 ) 10 ) 8 ) 8 ) v1 ) ( + v0 3 ) ) v2 ) 4 ) 8 ) 8 ) v2 ) v0 ) 3 ) ( + ( * ( / ( + ( - v0 v1 ) 10 ) 8 ) 8 ) v1 ) ) )
118,( && ( <= ( + ( min ( + ( + ( * ( / ( + ( - v0 v1 ) 2 ) 8 ) 8 ) v1 ) 5 ) v0 ) 3 ) ( min ( + ( min ( + ( * ( / ( + ( - ( min ( + ( * ( / ( + ( - v0 v1 ) 10 ) 8 ) 8 ) v1 ) ( + v0 3 ) ) v2 ) 4 ) 8 ) 8 ) v2 ) v0 ) 3 ) ( + ( * ( / ( + ( - v0 v1 ) 10 ) 8 ) 8 ) v1 ) ) ) ( <= ( + ( * ( min ( / ( - v3 v4 ) 13 ) v5 ) 13 ) v4 ) ( + ( max ( + ( * v5 13 ) ( - v4 v3 ) ) -12 ) ( min ( + ( + ( * v5 13 ) v4 ) 12 ) v3 ) ) ) )
119,( <= ( - ( min ( + ( + ( * ( / ( + ( - v0 v1 ) 2 ) 8 ) 8 ) v1 ) 5 ) v0 ) 9 ) ( + ( * ( / ( + ( - ( min ( + ( * ( / ( + ( - v0 v1 ) 10 ) 8 ) 8 ) v1 ) ( + v0 3 ) ) v2 ) 4 ) 17 ) 17 ) v2 ) )
120,( <= ( + ( min ( + ( + ( * ( / ( + ( - v0 v1 ) 4 ) 16 ) 16 ) v1 ) 11 ) v0 ) 5 ) ( min ( + ( min ( + ( * ( / ( + ( - ( min ( + ( * ( / ( + ( - v0 v1 ) 20 ) 16 ) 16 ) v1 ) ( + v0 5 ) ) v2 ) 10 ) 16 ) 16 ) v2 ) v0 ) 5 ) ( + ( * ( / ( + ( - v0 v1 ) 20 ) 16 ) 16 ) v1 ) ) )
121,( && ( <= ( + ( min ( + ( + ( * ( / ( + ( - v0 v1 ) 4 ) 16 ) 16 ) v1 ) 11 ) v0 ) 5 ) ( min ( + ( min ( + ( * ( / ( + ( - ( min ( + ( * ( / ( + ( - v0 v1 ) 20 ) 16 ) 16 ) v1 ) ( + v0 5 ) ) v2 ) 10 ) 16 ) 16 ) v2 ) v0 ) 5 ) ( + ( * ( / ( + ( - v0 v1 ) 20 ) 16 ) 16 ) v1 ) ) ) ( <= ( + ( * ( min ( / ( - v3 v4 ) 26 ) v5 ) 26 ) v4 ) ( + ( max ( + ( * v5 26 ) ( - v4 v3 ) ) -25 ) ( min ( + ( + ( * v5 26 ) v4 ) 25 ) v3 ) ) ) )
122,( && ( <= ( + ( min ( + ( + ( * ( / ( + ( - v0 v1 ) 4 ) 16 ) 16 ) v1 ) 11 ) v0 ) 5 ) ( min ( + ( min ( + ( * ( / ( + ( - ( min ( + ( * ( / ( + ( - v0 v1 ) 20 ) 16 ) 16 ) v1 ) ( + v0 5 ) ) v2 ) 10 ) 16 ) 16 ) v2 ) v0 ) 5 ) ( + ( * ( / ( + ( - v0 v1 ) 20 ) 16 ) 16 ) v1 ) ) ) ( <= ( + ( * ( min ( / ( + ( - v3 v4 ) 4 ) 26 ) v5 ) 26 ) v4 ) ( + ( max ( + ( * v5 26 ) ( - v4 v3 ) ) -21 ) ( min ( + ( + ( * v5 26 ) v4 ) 21 ) v3 ) ) ) )
123,( <= ( + ( min ( / ( - ( + v0 v1 ) 43 ) 8 ) ( + ( / ( - v1 14 ) 8 ) ( * ( / v2 8 ) 8 ) ) ) 7 ) ( + ( / ( + ( + ( min v0 29 ) v1 ) 733 ) 8 ) ( * ( / ( - ( - ( min ( / ( + ( + v0 v1 ) 21 ) 8 ) ( + ( / ( + v1 50 ) 8 ) ( * ( / v2 8 ) 8 ) ) ) ( / ( - ( + ( min v0 29 ) v1 ) 43 ) 8 ) ) 1 ) 98 ) 98 ) ) )
124,( <= ( / ( + ( min ( / ( - ( + v0 v1 ) 43 ) 8 ) ( + ( / ( - v1 14 ) 8 ) ( * ( / v2 8 ) 8 ) ) ) 9 ) 2 ) ( + ( / ( + ( + ( min v0 29 ) v1 ) 325 ) 16 ) ( * ( / ( - ( / ( + ( min ( / ( + ( + v0 v1 ) 21 ) 8 ) ( + ( / ( + v1 50 ) 8 ) ( * ( / v2 8 ) 8 ) ) ) 1 ) 2 ) ( / ( - ( + ( min v0 29 ) v1 ) 59 ) 16 ) ) 25 ) 25 ) ) )
125,( <= ( / ( + ( min ( / ( - ( + v0 v1 ) 43 ) 8 ) ( + ( / ( - v1 14 ) 8 ) ( * ( / v2 8 ) 8 ) ) ) 9 ) 2 ) ( + ( / ( + ( + ( min v0 29 ) v1 ) 725 ) 16 ) ( * ( / ( - ( / ( + ( min ( / ( + ( + v0 v1 ) 21 ) 8 ) ( + ( / ( + v1 50 ) 8 ) ( * ( / v2 8 ) 8 ) ) ) 1 ) 2 ) ( / ( - ( + ( min v0 29 ) v1 ) 59 ) 16 ) ) 50 ) 50 ) ) )
126,( <= ( + ( min ( + ( + ( * ( / ( + ( - v0 v1 ) 4 ) 8 ) 8 ) v1 ) 3 ) v0 ) 5 ) ( min ( + ( min ( + ( * ( / ( + ( - ( min ( + ( * ( / ( + ( - v0 v1 ) 12 ) 8 ) 8 ) v1 ) ( + v0 5 ) ) v2 ) 2 ) 8 ) 8 ) v2 ) v0 ) 5 ) ( + ( * ( / ( + ( - v0 v1 ) 12 ) 8 ) 8 ) v1 ) ) )
127,( <= ( + ( * ( min ( / ( - v0 v1 ) 52 ) v2 ) 52 ) v1 ) ( + ( max ( + ( * v2 52 ) ( - v1 v0 ) ) -51 ) ( min ( + ( + ( * v2 52 ) v1 ) 51 ) v0 ) ) )
128,( <= ( + ( min ( + ( + ( * ( / ( + ( - v0 v1 ) 8 ) 16 ) 16 ) v1 ) 7 ) v0 ) 9 ) ( min ( + ( min ( + ( * ( / ( + ( - ( min ( + ( * ( / ( + ( - v0 v1 ) 24 ) 16 ) 16 ) v1 ) ( + v0 9 ) ) v2 ) 6 ) 16 ) 16 ) v2 ) v0 ) 9 ) ( + ( * ( / ( + ( - v0 v1 ) 24 ) 16 ) 16 ) v1 ) ) )
129,( && ( <= ( + ( min ( + ( + ( * ( / ( + ( - v0 v1 ) 8 ) 16 ) 16 ) v1 ) 7 ) v0 ) 9 ) ( min ( + ( min ( + ( * ( / ( + ( - ( min ( + ( * ( / ( + ( - v0 v1 ) 24 ) 16 ) 16 ) v1 ) ( + v0 9 ) ) v2 ) 6 ) 16 ) 16 ) v2 ) v0 ) 9 ) ( + ( * ( / ( + ( - v0 v1 ) 24 ) 16 ) 16 ) v1 ) ) ) ( <= ( + ( * ( min ( / ( - v3 v4 ) 26 ) v5 ) 26 ) v4 ) ( + ( max ( + ( * v5 26 ) ( - v4 v3 ) ) -25 ) ( min ( + ( + ( * v5 26 ) v4 ) 25 ) v3 ) ) ) )
130,( <= ( min ( + ( * ( + v0 v1 ) 81 ) ( + ( min ( + ( * v2 41 ) ( + ( + ( * v3 2 ) v4 ) v5 ) ) v6 ) v7 ) ) v8 ) ( + ( * ( + v0 v1 ) 81 ) ( + ( + ( * v2 41 ) ( + ( + ( * v3 2 ) v4 ) v5 ) ) v7 ) ) )
131,( <= ( + ( min ( / ( - ( + v0 v1 ) 83 ) 16 ) ( + ( / ( - v1 30 ) 16 ) ( * ( / v2 8 ) 8 ) ) ) 7 ) ( + ( / ( + ( + ( min v0 53 ) v1 ) 301 ) 16 ) ( * ( / ( - ( - ( min ( / ( + ( + v0 v1 ) 45 ) 16 ) ( + ( / ( + v1 98 ) 16 ) ( * ( / v2 8 ) 8 ) ) ) ( / ( - ( + ( min v0 53 ) v1 ) 83 ) 16 ) ) 1 ) 25 ) 25 ) ) )
132,( <= ( / ( + ( min ( / ( - ( + v0 v1 ) 83 ) 16 ) ( + ( / ( - v1 30 ) 16 ) ( * ( / v2 8 ) 8 ) ) ) 9 ) 2 ) ( + ( / ( - ( + ( min v0 53 ) v1 ) 19 ) 32 ) ( * ( / ( - ( / ( + ( min ( / ( + ( + v0 v1 ) 45 ) 16 ) ( + ( / ( + v1 98 ) 16 ) ( * ( / v2 8 ) 8 ) ) ) 1 ) 2 ) ( / ( - ( + ( min v0 53 ) v1 ) 115 ) 32 ) ) 4 ) 4 ) ) )
133,( <= ( / ( + ( min ( / ( - ( + v0 v1 ) 83 ) 16 ) ( + ( / ( - v1 30 ) 16 ) ( * ( / v2 8 ) 8 ) ) ) 9 ) 2 ) ( + ( / ( + ( + ( min v0 53 ) v1 ) 269 ) 32 ) ( * ( / ( - ( / ( + ( min ( / ( + ( + v0 v1 ) 45 ) 16 ) ( + ( / ( + v1 98 ) 16 ) ( * ( / v2 8 ) 8 ) ) ) 1 ) 2 ) ( / ( - ( + ( min v0 53 ) v1 ) 115 ) 32 ) ) 13 ) 13 ) ) )
134,( <= ( / ( + ( min ( / ( - ( + v0 v1 ) 83 ) 16 ) ( + ( / ( - v1 30 ) 16 ) ( * ( / v2 8 ) 8 ) ) ) 9 ) 2 ) ( + ( / ( + ( + ( min v0 53 ) v1 ) 685 ) 32 ) ( * ( / ( - ( / ( + ( min ( / ( + ( + v0 v1 ) 45 ) 16 ) ( + ( / ( + v1 98 ) 16 ) ( * ( / v2 8 ) 8 ) ) ) 1 ) 2 ) ( / ( - ( + ( min v0 53 ) v1 ) 115 ) 32 ) ) 26 ) 26 ) ) )
135,( <= ( / ( + ( min ( / ( - ( + v0 v1 ) 83 ) 16 ) ( + ( / ( - v1 30 ) 16 ) ( * ( / v2 8 ) 8 ) ) ) 9 ) 2 ) ( + ( / ( - ( + ( min v0 53 ) v1 ) 83 ) 32 ) ( * ( / ( - ( / ( + ( min ( / ( + ( + v0 v1 ) 45 ) 16 ) ( + ( / ( + v1 98 ) 16 ) ( * ( / v2 8 ) 8 ) ) ) 1 ) 2 ) ( / ( - ( + ( min v0 53 ) v1 ) 115 ) 32 ) ) 2 ) 2 ) ) )
136,( <= ( + ( min ( / ( - ( + v0 v1 ) 835 ) 64 ) ( + ( / ( - v1 126 ) 64 ) ( * ( / v2 16 ) 16 ) ) ) 15 ) ( + ( / ( - ( + ( min v0 709 ) v1 ) 3 ) 64 ) ( * ( / ( - ( - ( min ( / ( + ( + v0 v1 ) 189 ) 64 ) ( + ( / ( + v1 898 ) 64 ) ( * ( / v2 16 ) 16 ) ) ) ( / ( - ( + ( min v0 709 ) v1 ) 835 ) 64 ) ) 1 ) 14 ) 14 ) ) )
137,( <= ( + ( min ( / ( - ( + v0 v1 ) 835 ) 64 ) ( + ( / ( - v1 126 ) 64 ) ( * ( / v2 16 ) 16 ) ) ) 15 ) ( + ( / ( - ( + ( min v0 709 ) v1 ) 387 ) 64 ) ( * ( / ( - ( - ( min ( / ( + ( + v0 v1 ) 189 ) 64 ) ( + ( / ( + v1 898 ) 64 ) ( * ( / v2 16 ) 16 ) ) ) ( / ( - ( + ( min v0 709 ) v1 ) 835 ) 64 ) ) 1 ) 7 ) 7 ) ) )
138,( <= ( + ( min ( / ( - ( + v0 v1 ) 835 ) 64 ) ( + ( / ( - v1 126 ) 64 ) ( * ( / v2 16 ) 16 ) ) ) 15 ) ( + ( / ( - ( + ( min v0 709 ) v1 ) 643 ) 64 ) ( * ( / ( - ( - ( min ( / ( + ( + v0 v1 ) 189 ) 64 ) ( + ( / ( + v1 898 ) 64 ) ( * ( / v2 16 ) 16 ) ) ) ( / ( - ( + ( min v0 709 ) v1 ) 835 ) 64 ) ) 1 ) 4 ) 4 ) ) )
139,( <= ( - ( min ( + ( + ( * ( / ( - v0 v1 ) 8 ) 8 ) v1 ) 7 ) v0 ) 16 ) ( + ( * ( / ( - ( min ( + ( + ( * ( / ( - v0 v1 ) 8 ) 8 ) v1 ) 7 ) v0 ) v2 ) 17 ) 17 ) v2 ) )
140,( <= ( - ( min ( + ( + ( * ( / ( - v0 v1 ) 8 ) 8 ) v1 ) 7 ) v0 ) 34 ) ( + ( * ( / ( - ( min ( + ( + ( * ( / ( - v0 v1 ) 8 ) 8 ) v1 ) 7 ) v0 ) v2 ) 35 ) 35 ) v2 ) )
141,( <= ( + ( + ( min ( - v0 ( + ( * v1 8 ) v2 ) ) 7 ) ( * v1 8 ) ) v2 ) ( min ( + ( + ( * v1 8 ) v2 ) 7 ) v0 ) )
142,( <= ( - ( + ( min ( * ( / ( + ( - v0 v1 ) 98 ) 97 ) 97 ) 8 ) v1 ) 8 ) v1 )
143,( <= ( - v0 11 ) ( + ( * ( / ( - v0 v1 ) 12 ) 12 ) v1 ) )
144,( <= ( - ( / ( - ( / ( + v0 129 ) 2 ) v1 ) 4 ) 1 ) ( max ( / ( - ( / ( + v0 123 ) 2 ) v1 ) 4 ) -1 ) )
145,( <= ( / ( - v0 1 ) 2 ) ( + ( * ( / ( - ( / ( + v0 1 ) 2 ) v1 ) 2 ) 2 ) v1 ) )
146,( <= ( / ( + v0 1 ) 2 ) ( + ( / v0 2 ) ( * ( / ( + ( % v0 2 ) 3 ) 4 ) 4 ) ) )
147,( <= ( - ( / ( - ( / ( + v0 1 ) 2 ) v1 ) 2 ) 1 ) ( max ( / ( - ( / ( - v0 1 ) 2 ) v1 ) 2 ) -1 ) )
148,( <= ( - ( / ( - ( / ( + v0 1 ) 2 ) v1 ) 5 ) 1 ) ( max ( / ( - ( / ( - v0 7 ) 2 ) v1 ) 5 ) -1 ) )
149,( && ( <= ( - v0 15 ) ( + ( * ( - ( / ( - v0 v1 ) 16 ) ( * v2 9 ) ) 16 ) ( + ( * v2 144 ) v1 ) ) ) ( <= ( + ( * ( min ( / ( - v3 v4 ) 104 ) v5 ) 104 ) v4 ) ( + ( max ( + ( * v5 104 ) ( - v4 v3 ) ) -103 ) ( min ( + ( + ( * v5 104 ) v4 ) 103 ) v3 ) ) ) )
150,( && ( <= ( - v0 15 ) ( + ( * ( - ( / ( - v0 v1 ) 16 ) ( * v2 9 ) ) 16 ) ( + ( * v2 144 ) v1 ) ) ) ( <= ( + ( + ( min ( - v3 ( + ( * v4 16 ) v5 ) ) 15 ) ( * v4 16 ) ) v5 ) ( min ( + ( + ( * v4 16 ) v5 ) 15 ) v3 ) ) )
151,( && ( <= ( - v0 15 ) ( + ( * ( - ( / ( - v0 v1 ) 16 ) ( * v2 9 ) ) 16 ) ( + ( * v2 144 ) v1 ) ) ) ( <= ( + ( * ( min ( / ( - v3 v4 ) 16 ) v5 ) 16 ) v4 ) ( + ( max ( + ( * v5 16 ) ( - v4 v3 ) ) -15 ) ( min ( + ( + ( * v5 16 ) v4 ) 15 ) v3 ) ) ) )
152,( && ( <= ( - v0 15 ) ( + ( * ( - ( / ( - v0 v1 ) 16 ) ( * v2 9 ) ) 16 ) ( + ( * v2 144 ) v1 ) ) ) ( <= ( + ( + ( min ( - v3 ( + ( * v4 32 ) v5 ) ) 16 ) ( * v4 32 ) ) v5 ) ( min ( + ( + ( * v4 32 ) v5 ) 16 ) v3 ) ) )
153,( && ( <= ( - v0 15 ) ( + ( * ( - ( / ( - v0 v1 ) 16 ) ( * v2 9 ) ) 16 ) ( + ( * v2 144 ) v1 ) ) ) ( <= ( + ( + ( min ( - v3 ( + ( * v4 52 ) v5 ) ) 51 ) ( * v4 52 ) ) v5 ) ( min ( + ( + ( * v4 52 ) v5 ) 51 ) v3 ) ) )
154,( && ( <= ( - v0 15 ) ( + ( * ( - ( / ( - v0 v1 ) 16 ) ( * v2 9 ) ) 16 ) ( + ( * v2 144 ) v1 ) ) ) ( <= ( + ( * ( min ( / ( - v3 v4 ) 52 ) v5 ) 52 ) v4 ) ( + ( max ( + ( * v5 52 ) ( - v4 v3 ) ) -51 ) ( min ( + ( + ( * v5 52 ) v4 ) 51 ) v3 ) ) ) )
155,( && ( <= ( - v0 15 ) ( + ( * ( - ( / ( - v0 v1 ) 16 ) ( * v2 9 ) ) 16 ) ( + ( * v2 144 ) v1 ) ) ) ( <= ( + ( + ( min ( - v3 ( + ( * ( + v4 v5 ) 16 ) v6 ) ) 15 ) ( * ( + v4 v5 ) 16 ) ) v6 ) ( min ( + ( + ( * ( + v4 v5 ) 16 ) v6 ) 15 ) v3 ) ) )
156,( <= ( - ( / ( - ( / ( + v0 161 ) 2 ) v1 ) 4 ) 1 ) ( max ( / ( - ( / ( + v0 155 ) 2 ) v1 ) 4 ) -1 ) )
157,( <= ( - ( / ( - ( / ( + ( + ( * v0 161 ) v1 ) 161 ) 2 ) v2 ) 4 ) 1 ) ( max ( / ( - ( / ( + ( + ( * v0 161 ) v1 ) 155 ) 2 ) v2 ) 4 ) -1 ) )
158,( <= ( - ( / ( - ( / ( + ( + ( * v0 161 ) v1 ) 161 ) 2 ) v2 ) 42 ) 1 ) ( max ( / ( - ( / ( + ( + ( * v0 161 ) v1 ) 79 ) 2 ) v2 ) 42 ) -1 ) )
159,( <= ( - ( / ( - ( / ( + v0 163 ) 2 ) v1 ) 4 ) 1 ) ( max ( / ( - ( / ( + v0 157 ) 2 ) v1 ) 4 ) -1 ) )
160,( <= ( - v0 17 ) ( + ( * ( / ( - v0 v1 ) 18 ) 18 ) v1 ) )
161,( <= ( - ( / ( - ( / ( + v0 193 ) 2 ) v1 ) 8 ) 1 ) ( max ( / ( - ( / ( + v0 179 ) 2 ) v1 ) 8 ) -1 ) )
162,( <= ( - v0 1 ) ( + ( max v1 0 ) ( * ( / ( - v0 ( max v1 0 ) ) 2 ) 2 ) ) )
163,( <= ( - v0 1 ) ( + ( * ( / ( - v0 v1 ) 2 ) 2 ) v1 ) )
164,( <= ( - ( / v0 2 ) 14 ) ( + ( / ( - v1 126 ) 64 ) ( * ( / ( + ( - ( / v0 2 ) ( / ( - v1 126 ) 64 ) ) 1 ) 16 ) 16 ) ) )
165,( <= ( + ( / v0 2 ) 1 ) ( max ( / ( + v0 3 ) 2 ) 0 ) )
166,( && ( <= ( / v0 2 ) ( + ( min ( * ( % v0 2 ) 2 ) 1 ) ( / v0 2 ) ) ) ( <= ( - ( + ( max ( * ( % v0 2 ) 2 ) 1 ) ( / v0 2 ) ) 2 ) ( / v0 2 ) ) )
167,( <= ( / ( + ( + ( / v0 2 ) ( + ( min ( - v1 ( * v2 161 ) ) 160 ) ( * ( min ( / v1 161 ) v2 ) 161 ) ) ) 1 ) 2 ) ( / ( + ( + ( min ( + ( * v2 161 ) 160 ) v1 ) ( / v0 2 ) ) 1 ) 2 ) )
168,( <= ( / ( + ( + ( / v0 2 ) ( + ( min ( - v1 ( * v2 81 ) ) 80 ) ( * ( min ( / v1 81 ) v2 ) 81 ) ) ) 1 ) 2 ) ( / ( + ( + ( min ( + ( * v2 81 ) 80 ) v1 ) ( / v0 2 ) ) 1 ) 2 ) )
169,( <= ( - v0 2 ) ( + ( * ( / ( - v0 v1 ) 3 ) 3 ) v1 ) )
170,( <= ( - ( / ( - ( / ( + v0 321 ) 2 ) v1 ) 41 ) 1 ) ( max ( / ( - ( / ( + v0 241 ) 2 ) v1 ) 41 ) -1 ) )
171,( <= ( - ( / ( - ( / ( + v0 321 ) 2 ) v1 ) 4 ) 1 ) ( max ( / ( - ( / ( + v0 315 ) 2 ) v1 ) 4 ) -1 ) )
172,( <= ( - ( / ( - ( / ( + v0 321 ) 2 ) v1 ) 8 ) 1 ) ( max ( / ( - ( / ( + v0 307 ) 2 ) v1 ) 8 ) -1 ) )
173,( <= ( - ( / ( - ( / ( + ( + ( * v0 321 ) v1 ) 321 ) 2 ) v2 ) 82 ) 1 ) ( max ( / ( - ( / ( + ( + ( * v0 321 ) v1 ) 159 ) 2 ) v2 ) 82 ) -1 ) )
174,( <= ( + ( / ( - ( + ( * v0 321 ) v1 ) v2 ) 2 ) 160 ) ( max ( / ( + ( - ( + ( * v0 321 ) v1 ) v2 ) 321 ) 2 ) 0 ) )
175,( <= ( - ( / ( - ( / ( + v0 3 ) 2 ) v1 ) 2 ) 1 ) ( max ( / ( - ( / ( + v0 1 ) 2 ) v1 ) 2 ) -1 ) )
176,( <= ( - v0 3 ) ( + ( max v1 0 ) ( * ( / ( - v0 ( max v1 0 ) ) 4 ) 4 ) ) )
177,( <= ( - v0 40 ) ( + ( * ( / ( - v0 v1 ) 41 ) 41 ) v1 ) )
178,( <= ( - ( + ( * v0 40 ) ( + ( / ( + v1 165 ) 4 ) ( * v2 160 ) ) ) 3 ) ( + ( * ( + ( * v0 10 ) ( + ( / ( - ( / ( + v1 165 ) 4 ) v3 ) 4 ) ( * v2 40 ) ) ) 4 ) v3 ) )
179,( && ( && ( <= ( - ( + ( * v0 4 ) ( + ( / ( - ( + ( min v1 53 ) v2 ) 115 ) 64 ) ( * v3 2 ) ) ) 1 ) ( + ( / ( - ( + ( min v1 53 ) v2 ) 179 ) 64 ) ( * ( + ( * v0 2 ) v3 ) 2 ) ) ) ( <= ( / v4 2 ) ( + ( min ( * ( % v4 2 ) 2 ) 1 ) ( / v4 2 ) ) ) ) ( <= ( - ( + ( max ( * ( % v4 2 ) 2 ) 1 ) ( / v4 2 ) ) 2 ) ( / v4 2 ) ) )
180,( <= ( - v0 4 ) ( + ( * ( / ( - v0 v1 ) 5 ) 5 ) v1 ) )
181,( <= ( - ( + ( * v0 4 ) ( + ( / ( + v1 9 ) 2 ) ( * v2 640 ) ) ) 1 ) ( + ( * ( + ( * v0 2 ) ( + ( / ( - ( / ( + v1 9 ) 2 ) v3 ) 2 ) ( * v2 320 ) ) ) 2 ) v3 ) )
182,( <= ( - ( / ( - ( / ( + v0 51 ) 2 ) v1 ) 16 ) 1 ) ( max ( / ( - ( / ( + v0 21 ) 2 ) v1 ) 16 ) -1 ) )
183,( <= ( - v0 5 ) ( + ( * ( / ( - v0 v1 ) 6 ) 6 ) v1 ) )
184,( <= ( - ( / ( - ( / ( + v0 641 ) 2 ) v1 ) 4 ) 1 ) ( max ( / ( - ( / ( + v0 635 ) 2 ) v1 ) 4 ) -1 ) )
185,( <= ( - v0 70 ) ( + ( * ( / ( - v0 v1 ) 71 ) 71 ) v1 ) )
186,( <= ( + ( / ( + v0 738 ) 32 ) ( * ( / v1 26 ) 26 ) ) ( + ( / ( + v0 34 ) 32 ) ( * ( / ( - ( + ( / ( + v0 738 ) 32 ) ( * ( / v1 26 ) 26 ) ) ( / ( - v0 62 ) 32 ) ) 4 ) 4 ) ) )
187,( <= ( - ( / ( - ( / ( + v0 81 ) 2 ) v1 ) 11 ) 1 ) ( max ( / ( - ( / ( + v0 61 ) 2 ) v1 ) 11 ) -1 ) )
188,( <= ( - ( / ( - ( / ( + ( + ( * v0 81 ) v1 ) 81 ) 2 ) v2 ) 11 ) 1 ) ( max ( / ( - ( / ( + ( + ( * v0 81 ) v1 ) 61 ) 2 ) v2 ) 11 ) -1 ) )
189,( <= ( - v0 8 ) ( + ( * ( / ( - v0 v1 ) 9 ) 9 ) v1 ) )
190,( <= ( - ( + ( * v0 8 ) ( + ( / ( + v1 17 ) 2 ) ( * v2 640 ) ) ) 1 ) ( + ( * ( + ( * v0 4 ) ( + ( / ( - ( / ( + v1 17 ) 2 ) v3 ) 2 ) ( * v2 320 ) ) ) 2 ) v3 ) )
191,( <= v0 ( max ( max v0 v1 ) ( + ( max v1 0 ) 1 ) ) )
192,( && ( <= ( / ( + v0 v1 ) 2 ) ( + ( min ( * ( % ( + v0 v1 ) 2 ) 2 ) 1 ) ( / ( + v0 v1 ) 2 ) ) ) ( <= ( - ( + ( max ( * ( % ( + v0 v1 ) 2 ) 2 ) 1 ) ( / ( + v0 v1 ) 2 ) ) 2 ) ( / ( + v0 v1 ) 2 ) ) )
193,( <= ( + ( / ( - v0 v1 ) 4 ) 1 ) ( max ( / ( + ( - v0 v1 ) 5 ) 4 ) 0 ) )
194,( <= ( + ( / ( - v0 v1 ) 8 ) 1 ) ( max ( / ( + ( - v0 v1 ) 9 ) 8 ) 0 ) )
195,( <= ( + ( / ( - v0 v1 ) 8 ) 32 ) ( max ( / ( + ( - v0 v1 ) 257 ) 8 ) 0 ) )
196,( <= ( + ( / ( - v0 v1 ) 8 ) 96 ) ( max ( / ( + ( - v0 v1 ) 769 ) 8 ) 0 ) )
197,( <= ( * ( / ( + ( - v0 v1 ) 98 ) 97 ) 97 ) ( + ( min ( * ( / ( + ( - v0 v1 ) 98 ) 97 ) 97 ) 8 ) ( * ( / ( - ( max ( * ( / ( + ( - v0 v1 ) 98 ) 97 ) 97 ) 8 ) 1 ) 8 ) 8 ) ) )
198,( < ( + ( * v0 4 ) 3 ) ( * ( + v0 1 ) 4 ) )
199,( == ( - ( + ( * ( - ( + ( + ( * v0 8 ) v1 ) v2 ) 3 ) v3 ) v4 ) ( / v3 2 ) ) ( - ( + ( * ( - ( + ( + ( * v0 8 ) v1 ) v2 ) 3 ) v3 ) v4 ) ( / v3 2 ) ) )
200,( == ( - ( + ( * v0 v1 ) v2 ) ( / v1 2 ) ) ( - ( + ( * v0 v1 ) v2 ) ( / v1 2 ) ) )
201,( == ( - v0 ( + ( * v1 8 ) v2 ) ) ( - v0 ( + ( * v1 8 ) v2 ) ) )
202,( <= ( max 0 ( + ( min ( / ( + ( % ( + ( min ( * v0 256 ) ( - v1 256 ) ) v2 ) 8 ) 239 ) 64 ) ( - ( + 0 5 ) 1 ) ) 1 ) ) 0 )
203,( <= ( + ( - ( / v0 8 ) 2 ) ( / ( + ( % v0 8 ) 303 ) 8 ) ) ( - ( / v0 8 ) 2 ) )
204,( == ( min ( * v0 256 ) ( - v1 256 ) ) ( min ( * v0 256 ) ( - v1 256 ) ) )
205,( == ( + ( / ( + v0 v1 ) 8 ) ( * v2 8 ) ) ( + ( / ( + v0 v1 ) 8 ) ( * v2 8 ) ) )
206,( == ( - 3 ( max ( + ( / ( - -272 ( % ( + ( min ( * v0 256 ) ( - v1 256 ) ) v2 ) 8 ) ) 8 ) ( * v3 8 ) ) -5 ) ) ( - 3 ( max ( + ( / ( - -272 ( % ( + ( min ( * v0 256 ) ( - v1 256 ) ) v2 ) 8 ) ) 8 ) ( * v3 8 ) ) -5 ) ) )
207,( == ( * ( / ( * v0 -64 ) 8 ) 8 ) ( * v0 -64 ) )
208,( >= ( + v0 v1 ) ( + ( + ( + ( - v0 1 ) v1 ) 2 ) 1 ) )
209,( <= ( + ( + v0 v1 ) 2 ) ( - ( + ( - v0 1 ) v1 ) 1 ) )
210,( < ( + ( + v0 v1 ) 2 ) ( + ( + v0 1 ) v1 ) )
211,( <= ( max 0 ( + ( min ( / ( - 64 ( % v0 2 ) ) 8 ) ( - ( + 0 9 ) 1 ) ) 1 ) ) 0 )
212,( == v0 v0 )
213,( == ( / ( + v0 1 ) 2 ) ( / ( + v0 1 ) 2 ) )
214,( >= ( - ( + v0 v1 ) 1 ) ( + ( + ( + ( - v0 1 ) v1 ) 1 ) 1 ) )
215,( <= ( + ( + v0 v1 ) 1 ) ( - ( - ( + ( - v0 1 ) v1 ) 1 ) 1 ) )
216,( < ( + ( + v0 v1 ) 1 ) ( - ( + ( + v0 1 ) v1 ) 1 ) )
217,( > v0 v0 )
218,( < ( + ( + ( * v0 128 ) v1 ) 127 ) ( + ( * ( + v0 1 ) 128 ) v1 ) )
219,( && ( && ( && ( && ( && ( && 1 ( <= ( + ( * v0 128 ) v1 ) ( + ( * v0 128 ) v1 ) ) ) ( >= ( + ( + ( * v0 128 ) v1 ) 127 ) ( - ( + ( + ( * v0 128 ) v1 ) 128 ) 1 ) ) ) ( <= ( + ( * v2 32 ) v3 ) ( + ( * v2 32 ) v3 ) ) ) ( >= ( + ( + ( * v2 32 ) v3 ) 31 ) ( - ( + ( + ( * v2 32 ) v3 ) 32 ) 1 ) ) ) ( <= 0 0 ) ) ( >= 3 ( - ( + 0 4 ) 1 ) ) )
220,( < ( + ( + ( * v0 64 ) v1 ) 63 ) ( + ( * ( + v0 1 ) 64 ) v1 ) )
221,( == ( - v0 ( * v1 4 ) ) ( - v0 ( * v1 4 ) ) )
222,( == ( - ( max v0 1 ) ( * v1 8 ) ) ( - ( max v0 1 ) ( * v1 8 ) ) )
223,( >= ( - ( * ( + v0 v1 ) 2 ) 1 ) ( + ( + ( * ( + ( - v0 1 ) v1 ) 2 ) 1 ) 1 ) )
224,( <= ( + ( * ( + v0 v1 ) 2 ) 1 ) ( - ( - ( * ( + ( - v0 1 ) v1 ) 2 ) 1 ) 1 ) )
225,( >= ( / ( + v0 v1 ) 512 ) ( + ( / ( + ( + ( - v0 1 ) v1 ) 511 ) 512 ) 1 ) )
226,( <= ( / ( + ( + v0 v1 ) 255 ) 256 ) ( - ( / ( + ( - v0 1 ) v1 ) 256 ) 1 ) )
227,( <= ( / ( + ( + v0 v1 ) 127 ) 128 ) ( - ( / ( + ( - v0 1 ) v1 ) 128 ) 1 ) )
228,( >= ( / ( + v0 v1 ) 64 ) ( + ( / ( + ( + ( - v0 1 ) v1 ) 63 ) 64 ) 1 ) )
229,( >= ( / ( + v0 v1 ) 32 ) ( + ( / ( + ( + ( - v0 1 ) v1 ) 31 ) 32 ) 1 ) )
230,( >= ( / ( + v0 v1 ) 8 ) ( + ( / ( + ( + ( - v0 1 ) v1 ) 7 ) 8 ) 1 ) )
231,( <= ( / ( + ( + v0 v1 ) 1 ) 2 ) ( - ( / ( + ( - v0 1 ) v1 ) 2 ) 1 ) )
232,( <= ( max 0 ( + ( min ( / ( + ( % v0 8 ) 78 ) 64 ) ( - ( + 0 3 ) 1 ) ) 1 ) ) 0 )
233,( <= ( max 0 ( + ( min ( / ( + ( % v0 4 ) 102 ) 32 ) ( - ( + 0 5 ) 1 ) ) 1 ) ) 0 )
234,( ! ( && ( && 1 ( == ( + v0 v1 ) ( + v0 v1 ) ) ) ( == ( + v2 v3 ) ( + v2 v3 ) ) ) )
235,( == ( * ( / ( * v0 8 ) 2 ) 2 ) ( * v0 8 ) )
236,( ! ( && ( && 1 ( == v0 v0 ) ) ( == v1 v1 ) ) )
237,( == ( min ( + ( * ( / ( + ( - v0 v1 ) 7 ) 8 ) 8 ) v1 ) v0 ) ( min ( + ( * ( / ( + ( - v0 v1 ) 7 ) 8 ) 8 ) v1 ) v0 ) )
238,( == ( + ( / v0 2 ) ( * v1 8 ) ) ( + ( / v0 2 ) ( * v1 8 ) ) )
239,( == ( - ( / ( + ( min ( - v0 ( * v1 16 ) ) ( + v2 16 ) ) 9 ) 4 ) ( / ( - v2 6 ) 4 ) ) ( - ( / ( + ( min ( - v0 ( * v1 16 ) ) ( + v2 16 ) ) 9 ) 4 ) ( / ( - v2 6 ) 4 ) ) )
240,( == ( - ( / ( + v0 5 ) 4 ) ( / ( - v1 6 ) 4 ) ) ( - ( / ( + v0 5 ) 4 ) ( / ( - v1 6 ) 4 ) ) )
241,( == ( min ( / ( - v0 23 ) 4 ) ( + ( / ( - v1 6 ) 4 ) ( * v2 8 ) ) ) ( min ( / ( - v0 23 ) 4 ) ( + ( / ( - v1 6 ) 4 ) ( * v2 8 ) ) ) )
242,( == ( min ( max ( / ( - v0 3 ) 2 ) 0 ) ( + ( / ( - v0 3 ) 2 ) v1 ) ) ( min ( max ( / ( - v0 3 ) 2 ) 0 ) ( + ( / ( - v0 3 ) 2 ) v1 ) ) )
243,( == ( min ( max ( / ( - 37 v0 ) 32 ) 0 ) ( + ( / v1 8 ) 1 ) ) ( min ( max ( / ( - 37 v0 ) 32 ) 0 ) ( + ( / v1 8 ) 1 ) ) )
244,( == ( max ( min ( max ( / ( - 37 v0 ) 32 ) 0 ) ( + ( / v1 8 ) 1 ) ) ( + ( / ( min ( min ( min ( - ( / ( - v2 23 ) 4 ) ( / ( - v0 6 ) 4 ) ) ( - ( - ( / v3 4 ) ( / ( - v0 6 ) 4 ) ) 8 ) ) ( - ( / ( - ( min ( + v3 19 ) v2 ) 23 ) 4 ) ( / ( - v0 6 ) 4 ) ) ) v1 ) 8 ) 1 ) ) ( max ( min ( max ( / ( - 37 v0 ) 32 ) 0 ) ( + ( / v1 8 ) 1 ) ) ( + ( / ( min ( min ( min ( - ( / ( - v2 23 ) 4 ) ( / ( - v0 6 ) 4 ) ) ( - ( - ( / v3 4 ) ( / ( - v0 6 ) 4 ) ) 8 ) ) ( - ( / ( - ( min ( + v3 19 ) v2 ) 23 ) 4 ) ( / ( - v0 6 ) 4 ) ) ) v1 ) 8 ) 1 ) ) )
245,( == ( min ( max ( / ( - v0 3 ) 2 ) ( / v1 4 ) ) ( + ( / ( - v0 3 ) 2 ) v2 ) ) ( min ( max ( / ( - v0 3 ) 2 ) ( / v1 4 ) ) ( + ( / ( - v0 3 ) 2 ) v2 ) ) )
246,( == ( - ( / ( + v0 1 ) 2 ) ( / v1 2 ) ) ( - ( / ( + v0 1 ) 2 ) ( / v1 2 ) ) )
247,( == ( min ( / ( - v0 13 ) 2 ) ( - ( + ( / v1 2 ) ( * v2 8 ) ) 1 ) ) ( min ( / ( - v0 13 ) 2 ) ( - ( + ( / v1 2 ) ( * v2 8 ) ) 1 ) ) )
248,( == ( min ( - ( max v0 1 ) 1 ) ( + ( - ( / ( + ( min ( - v1 ( * v2 16 ) ) ( + v3 16 ) ) 3 ) 2 ) ( / v3 2 ) ) v0 ) ) ( min ( - ( max v0 1 ) 1 ) ( + ( - ( / ( + ( min ( - v1 ( * v2 16 ) ) ( + v3 16 ) ) 3 ) 2 ) ( / v3 2 ) ) v0 ) ) )
249,( == ( min ( max ( max ( - 0 ( / v0 16 ) ) ( + ( / ( - 0 ( / v0 2 ) ) 8 ) 1 ) ) 0 ) ( / ( + v1 9 ) 8 ) ) ( min ( max ( max ( - 0 ( / v0 16 ) ) ( + ( / ( - 0 ( / v0 2 ) ) 8 ) 1 ) ) 0 ) ( / ( + v1 9 ) 8 ) ) )
250,( == ( max ( min ( max ( max ( - 0 ( / v0 16 ) ) ( + ( / ( - 0 ( / v0 2 ) ) 8 ) 1 ) ) 0 ) ( / ( + v1 9 ) 8 ) ) ( / ( + ( min ( min ( min ( - ( / v2 2 ) ( / v0 2 ) ) ( + ( - ( / ( - ( min ( + v2 11 ) v3 ) 13 ) 2 ) ( / v0 2 ) ) 8 ) ) ( + ( min ( - ( / v2 2 ) ( / v0 2 ) ) ( + ( - ( / ( - v3 13 ) 2 ) ( / v0 2 ) ) 2 ) ) 6 ) ) ( + v1 8 ) ) 1 ) 8 ) ) ( max ( min ( max ( max ( - 0 ( / v0 16 ) ) ( + ( / ( - 0 ( / v0 2 ) ) 8 ) 1 ) ) 0 ) ( / ( + v1 9 ) 8 ) ) ( / ( + ( min ( min ( min ( - ( / v2 2 ) ( / v0 2 ) ) ( + ( - ( / ( - ( min ( + v2 11 ) v3 ) 13 ) 2 ) ( / v0 2 ) ) 8 ) ) ( + ( min ( - ( / v2 2 ) ( / v0 2 ) ) ( + ( - ( / ( - v3 13 ) 2 ) ( / v0 2 ) ) 2 ) ) 6 ) ) ( + v1 8 ) ) 1 ) 8 ) ) )
251,( == ( min ( max ( / v0 2 ) ( - ( max v1 1 ) 1 ) ) ( + ( - ( / ( + ( min ( - v2 ( * v3 16 ) ) ( + v4 16 ) ) 3 ) 2 ) ( / v4 2 ) ) v1 ) ) ( min ( max ( / v0 2 ) ( - ( max v1 1 ) 1 ) ) ( + ( - ( / ( + ( min ( - v2 ( * v3 16 ) ) ( + v4 16 ) ) 3 ) 2 ) ( / v4 2 ) ) v1 ) ) )
252,( == ( - v0 ( * v1 16 ) ) ( - v0 ( * v1 16 ) ) )
253,( == ( - v0 ( + ( * v1 16 ) v2 ) ) ( - v0 ( + ( * v1 16 ) v2 ) ) )
254,( == ( + ( * v0 8 ) ( - v1 v2 ) ) ( + ( * v0 8 ) ( - v1 v2 ) ) )
255,( <= ( / ( + ( + v0 v1 ) 15 ) 16 ) ( - ( / ( + ( - v0 1 ) v1 ) 16 ) 1 ) )
256,( >= ( / ( + v0 v1 ) 4 ) ( + ( / ( + ( + ( - v0 1 ) v1 ) 3 ) 4 ) 1 ) )
257,( <= ( / ( + ( + v0 v1 ) 3 ) 4 ) ( - ( / ( + ( - v0 1 ) v1 ) 4 ) 1 ) )
258,( >= ( / ( + v0 v1 ) 2 ) ( + ( / ( + ( + ( - v0 1 ) v1 ) 1 ) 2 ) 1 ) )
259,( < ( / ( + ( + v0 v1 ) 1 ) 2 ) ( / ( + ( + v0 1 ) v1 ) 2 ) )
260,( <= ( max 0 ( + ( min ( / ( + ( % v0 4 ) 230 ) 32 ) ( - ( + 0 9 ) 1 ) ) 1 ) ) 0 )
261,( && ( < ( max ( - v0 16 ) 0 ) 0 ) ( > ( max ( - v0 16 ) 0 ) -32 ) )
262,( >= ( - ( + v0 v1 ) 20 ) ( + ( + ( + ( - v0 1 ) v1 ) 20 ) 1 ) )
263,( <= ( + ( + v0 v1 ) 20 ) ( - ( - ( + ( - v0 1 ) v1 ) 20 ) 1 ) )
264,( >= ( - ( + v0 v1 ) 18 ) ( + ( + ( + ( - v0 1 ) v1 ) 18 ) 1 ) )
265,( <= ( + ( + v0 v1 ) 18 ) ( - ( - ( + ( - v0 1 ) v1 ) 18 ) 1 ) )
266,( >= ( - ( + v0 v1 ) 16 ) ( + ( + ( + ( - v0 1 ) v1 ) 16 ) 1 ) )
267,( <= ( + ( + v0 v1 ) 16 ) ( - ( - ( + ( - v0 1 ) v1 ) 16 ) 1 ) )
268,( >= ( - ( + v0 v1 ) 14 ) ( + ( + ( + ( - v0 1 ) v1 ) 14 ) 1 ) )
269,( >= ( - ( + v0 v1 ) 12 ) ( + ( + ( + ( - v0 1 ) v1 ) 12 ) 1 ) )
270,( <= ( + ( + v0 v1 ) 12 ) ( - ( - ( + ( - v0 1 ) v1 ) 12 ) 1 ) )
271,( >= ( - ( + v0 v1 ) 10 ) ( + ( + ( + ( - v0 1 ) v1 ) 10 ) 1 ) )
272,( <= ( + ( + v0 v1 ) 8 ) ( - ( - ( + ( - v0 1 ) v1 ) 8 ) 1 ) )
273,( <= ( + ( + v0 v1 ) 6 ) ( - ( - ( + ( - v0 1 ) v1 ) 6 ) 1 ) )
274,( >= ( - ( + v0 v1 ) 4 ) ( + ( + ( + ( - v0 1 ) v1 ) 4 ) 1 ) )
275,( <= ( + ( + v0 v1 ) 2 ) ( - ( - ( + ( - v0 1 ) v1 ) 2 ) 1 ) )
276,( >= ( - ( + v0 v1 ) 8 ) ( + ( + ( + ( - v0 1 ) v1 ) 8 ) 1 ) )
277,( >= ( - ( + v0 v1 ) 6 ) ( + ( + ( + ( - v0 1 ) v1 ) 6 ) 1 ) )
278,( <= ( + ( + v0 v1 ) 4 ) ( - ( - ( + ( - v0 1 ) v1 ) 4 ) 1 ) )
279,( >= ( - ( + v0 v1 ) 2 ) ( + ( + ( + ( - v0 1 ) v1 ) 2 ) 1 ) )
280,( <= ( + ( + v0 v1 ) 14 ) ( - ( - ( + ( - v0 1 ) v1 ) 14 ) 1 ) )
281,( <= ( + ( + v0 v1 ) 10 ) ( - ( - ( + ( - v0 1 ) v1 ) 10 ) 1 ) )
282,( == ( / ( + v0 493 ) 406 ) ( / ( + v0 493 ) 406 ) )
283,( == ( / ( + v0 438 ) 395 ) ( / ( + v0 438 ) 395 ) )
284,( == ( / ( + v0 383 ) 384 ) ( / ( + v0 383 ) 384 ) )
285,( < ( + ( + v0 v1 ) 2 ) ( - ( + ( + v0 1 ) v1 ) 2 ) )
286,( <= ( + ( + v0 v1 ) 3 ) ( - ( - ( + ( - v0 1 ) v1 ) 3 ) 1 ) )
287,( >= ( + v0 v1 ) ( + ( + ( - v0 1 ) v1 ) 1 ) )
288,( < ( + v0 v1 ) ( + ( + v0 1 ) v1 ) )
