index,start_expression,halide_result,halide_time
4281,( max ( + ( / ( min ( / ( - ( + v0 v1 ) 26 ) 4 ) ( - ( + ( / ( + ( min v0 8 ) v1 ) 4 ) ( * ( / ( + ( - ( / ( + ( + v0 v1 ) 2 ) 4 ) ( / ( + ( min v0 8 ) v1 ) 4 ) ) 2 ) 8 ) 8 ) ) 2 ) ) 2 ) 4 ) ( / ( + 7 ( min ( / ( - ( + v0 v1 ) 26 ) 4 ) ( - ( + ( / ( + ( min v0 8 ) v1 ) 4 ) ( * ( / ( + ( - ( / ( + ( + v0 v1 ) 2 ) 4 ) ( / ( + ( min v0 8 ) v1 ) 4 ) ) 2 ) 8 ) 8 ) ) 2 ) ) ) 2 ) ),( + ( / ( min ( / ( - ( + v0 v1 ) 26 ) 4 ) ( - ( + ( / ( + ( min v0 8 ) v1 ) 4 ) ( * ( / ( + ( - ( / ( + ( + v0 v1 ) 2 ) 4 ) ( / ( + ( min v0 8 ) v1 ) 4 ) ) 2 ) 8 ) 8 ) ) 2 ) ) 2 ) 4 ),48
6200,( max ( + ( / ( min ( / ( - ( + v0 v1 ) 26 ) 4 ) ( - ( + ( / ( + ( min v0 8 ) v1 ) 4 ) ( * ( / ( + ( - ( / ( + ( + v0 v1 ) 2 ) 4 ) ( / ( + ( min v0 8 ) v1 ) 4 ) ) 2 ) 8 ) 8 ) ) 2 ) ) 2 ) 4 ) ( / ( + 7 ( min ( / ( - ( + v0 v1 ) 26 ) 4 ) ( - ( + ( / ( + ( min v0 8 ) v1 ) 4 ) ( * ( / ( + ( - ( / ( + ( + v0 v1 ) 2 ) 4 ) ( / ( + ( min v0 8 ) v1 ) 4 ) ) 2 ) 8 ) 8 ) ) 2 ) ) ) 2 ) ),( + ( / ( min ( / ( - ( + v0 v1 ) 26 ) 4 ) ( - ( + ( / ( + ( min v0 8 ) v1 ) 4 ) ( * ( / ( + ( - ( / ( + ( + v0 v1 ) 2 ) 4 ) ( / ( + ( min v0 8 ) v1 ) 4 ) ) 2 ) 8 ) 8 ) ) 2 ) ) 2 ) 4 ),64
5817,( max ( + ( / ( min ( / ( - ( + v0 v1 ) 98 ) 16 ) ( + ( / ( - ( + ( min v0 8 ) v1 ) 8 ) 16 ) ( * ( / ( - ( / ( + ( + v0 v1 ) 14 ) 16 ) ( / ( - ( + ( min v0 8 ) v1 ) 8 ) 16 ) ) 8 ) 8 ) ) ) 2 ) 4 ) ( / ( + 7 ( min ( / ( - ( + v0 v1 ) 98 ) 16 ) ( + ( / ( - ( + ( min v0 8 ) v1 ) 8 ) 16 ) ( * ( / ( - ( / ( + ( + v0 v1 ) 14 ) 16 ) ( / ( - ( + ( min v0 8 ) v1 ) 8 ) 16 ) ) 8 ) 8 ) ) ) ) 2 ) ),( + ( / ( min ( / ( - ( + v0 v1 ) 98 ) 16 ) ( + ( / ( - ( + ( min v0 8 ) v1 ) 8 ) 16 ) ( * ( / ( - ( / ( + ( + v0 v1 ) 14 ) 16 ) ( / ( - ( + ( min v0 8 ) v1 ) 8 ) 16 ) ) 8 ) 8 ) ) ) 2 ) 4 ),84
3501,( max ( + ( max ( * v0 2 ) ( + ( min ( / ( - ( + v1 v2 ) 98 ) 16 ) ( + ( / ( - ( + ( min v1 8 ) v2 ) 8 ) 16 ) ( * ( / ( - ( / ( + ( + v1 v2 ) 14 ) 16 ) ( / ( - ( + ( min v1 8 ) v2 ) 8 ) 16 ) ) 8 ) 8 ) ) ) 5 ) ) 2 ) ( + 7 ( min ( / ( - ( + v1 v2 ) 98 ) 16 ) ( + ( / ( - ( + ( min v1 8 ) v2 ) 8 ) 16 ) ( * ( / ( - ( / ( + ( + v1 v2 ) 14 ) 16 ) ( / ( - ( + ( min v1 8 ) v2 ) 8 ) 16 ) ) 8 ) 8 ) ) ) ) ),( + ( max ( * v0 2 ) ( + ( min ( / ( - ( + v1 v2 ) 98 ) 16 ) ( + ( / ( - ( + ( min v1 8 ) v2 ) 8 ) 16 ) ( * ( / ( - ( / ( + ( + v1 v2 ) 14 ) 16 ) ( / ( - ( + ( min v1 8 ) v2 ) 8 ) 16 ) ) 8 ) 8 ) ) ) 5 ) ) 2 ),28
5133,( max ( + ( max ( * ( min ( + ( + ( * ( / ( - v0 v1 ) 8 ) 8 ) v1 ) 7 ) v0 ) 2 ) ( + ( min ( / ( - ( + v2 v3 ) 50 ) 8 ) ( - ( + ( / ( + ( min v2 8 ) v3 ) 8 ) ( * ( / ( + ( - ( / ( + ( + v2 v3 ) 6 ) 8 ) ( / ( + ( min v2 8 ) v3 ) 8 ) ) 1 ) 8 ) 8 ) ) 1 ) ) 5 ) ) 2 ) ( + 7 ( min ( / ( - ( + v2 v3 ) 50 ) 8 ) ( - ( + ( / ( + ( min v2 8 ) v3 ) 8 ) ( * ( / ( + ( - ( / ( + ( + v2 v3 ) 6 ) 8 ) ( / ( + ( min v2 8 ) v3 ) 8 ) ) 1 ) 8 ) 8 ) ) 1 ) ) ) ),( + ( max ( * ( min ( + ( + ( * ( / ( - v0 v1 ) 8 ) 8 ) v1 ) 7 ) v0 ) 2 ) ( + ( min ( / ( - ( + v2 v3 ) 50 ) 8 ) ( - ( + ( / ( + ( min v2 8 ) v3 ) 8 ) ( * ( / ( + ( - ( / ( + ( + v2 v3 ) 6 ) 8 ) ( / ( + ( min v2 8 ) v3 ) 8 ) ) 1 ) 8 ) 8 ) ) 1 ) ) 5 ) ) 2 ),32
5889,( max ( + ( max ( * ( min ( + ( + ( * ( / ( - v0 v1 ) 8 ) 8 ) v1 ) 7 ) v0 ) 2 ) ( + ( min ( / ( - ( + v2 v3 ) 26 ) 4 ) ( - ( + ( / ( + ( min v2 8 ) v3 ) 4 ) ( * ( / ( + ( - ( / ( + ( + v2 v3 ) 2 ) 4 ) ( / ( + ( min v2 8 ) v3 ) 4 ) ) 2 ) 8 ) 8 ) ) 2 ) ) 5 ) ) 2 ) ( + 7 ( min ( / ( - ( + v2 v3 ) 26 ) 4 ) ( - ( + ( / ( + ( min v2 8 ) v3 ) 4 ) ( * ( / ( + ( - ( / ( + ( + v2 v3 ) 2 ) 4 ) ( / ( + ( min v2 8 ) v3 ) 4 ) ) 2 ) 8 ) 8 ) ) 2 ) ) ) ),( + ( max ( * ( min ( + ( + ( * ( / ( - v0 v1 ) 8 ) 8 ) v1 ) 7 ) v0 ) 2 ) ( + ( min ( / ( - ( + v2 v3 ) 26 ) 4 ) ( - ( + ( / ( + ( min v2 8 ) v3 ) 4 ) ( * ( / ( + ( - ( / ( + ( + v2 v3 ) 2 ) 4 ) ( / ( + ( min v2 8 ) v3 ) 4 ) ) 2 ) 8 ) 8 ) ) 2 ) ) 5 ) ) 2 ),30
6203,( max ( + ( * ( min ( / ( - ( + v0 v1 ) 770 ) 128 ) ( + ( / v1 128 ) ( * ( / ( - ( / ( + ( + v0 v1 ) 126 ) 128 ) ( / v1 128 ) ) 8 ) 8 ) ) ) 2 ) 16 ) ( + ( * ( + 7 ( min ( / ( - ( + v0 v1 ) 770 ) 128 ) ( + ( / v1 128 ) ( * ( / ( - ( / ( + ( + v0 v1 ) 126 ) 128 ) ( / v1 128 ) ) 8 ) 8 ) ) ) ) 2 ) 1 ) ),( + ( * ( min ( / ( - ( + v0 v1 ) 770 ) 128 ) ( + ( / v1 128 ) ( * ( / ( - ( / ( + ( + v0 v1 ) 126 ) 128 ) ( / v1 128 ) ) 8 ) 8 ) ) ) 2 ) 16 ),30
2401,( max ( + ( * ( min ( / ( - ( + v0 v1 ) 770 ) 128 ) ( + ( / v1 128 ) ( * ( / ( - ( / ( + ( + v0 v1 ) 126 ) 128 ) ( / v1 128 ) ) 8 ) 8 ) ) ) 2 ) 16 ) ( + ( * ( + 7 ( min ( / ( - ( + v0 v1 ) 770 ) 128 ) ( + ( / v1 128 ) ( * ( / ( - ( / ( + ( + v0 v1 ) 126 ) 128 ) ( / v1 128 ) ) 8 ) 8 ) ) ) ) 2 ) 1 ) ),( + ( * ( min ( / ( - ( + v0 v1 ) 770 ) 128 ) ( + ( / v1 128 ) ( * ( / ( - ( / ( + ( + v0 v1 ) 126 ) 128 ) ( / v1 128 ) ) 8 ) 8 ) ) ) 2 ) 16 ),33
507,( max ( + ( * ( + 7 ( min ( / ( - ( + v0 v1 ) 770 ) 128 ) ( + ( / v1 128 ) ( * ( / ( - ( / ( + ( + v0 v1 ) 126 ) 128 ) ( / v1 128 ) ) 8 ) 8 ) ) ) ) 2 ) 2 ) ( - ( * ( + 7 ( min ( / ( - ( + v0 v1 ) 770 ) 128 ) ( + ( / v1 128 ) ( * ( / ( - ( / ( + ( + v0 v1 ) 126 ) 128 ) ( / v1 128 ) ) 8 ) 8 ) ) ) ) 2 ) 1 ) ),( + ( * ( min ( / ( - ( + v0 v1 ) 770 ) 128 ) ( + ( / v1 128 ) ( * ( / ( - ( / ( + ( + v0 v1 ) 126 ) 128 ) ( / v1 128 ) ) 8 ) 8 ) ) ) 2 ) 16 ),52
4126,( max ( + ( * ( min ( / ( - ( + v0 v1 ) 770 ) 128 ) ( + ( / v1 128 ) ( * ( / ( - ( / ( + ( + v0 v1 ) 126 ) 128 ) ( / v1 128 ) ) 8 ) 8 ) ) ) 2 ) 16 ) ( * ( + 7 ( min ( / ( - ( + v0 v1 ) 770 ) 128 ) ( + ( / v1 128 ) ( * ( / ( - ( / ( + ( + v0 v1 ) 126 ) 128 ) ( / v1 128 ) ) 8 ) 8 ) ) ) ) 2 ) ),( + ( * ( min ( / ( - ( + v0 v1 ) 770 ) 128 ) ( + ( / v1 128 ) ( * ( / ( - ( / ( + ( + v0 v1 ) 126 ) 128 ) ( / v1 128 ) ) 8 ) 8 ) ) ) 2 ) 16 ),28
4541,( max ( + ( * ( + 7 ( min ( / ( - ( + v0 v1 ) 770 ) 128 ) ( + ( / v1 128 ) ( * ( / ( - ( / ( + ( + v0 v1 ) 126 ) 128 ) ( / v1 128 ) ) 8 ) 8 ) ) ) ) 2 ) 2 ) ( - ( * ( + 7 ( min ( / ( - ( + v0 v1 ) 770 ) 128 ) ( + ( / v1 128 ) ( * ( / ( - ( / ( + ( + v0 v1 ) 126 ) 128 ) ( / v1 128 ) ) 8 ) 8 ) ) ) ) 2 ) 1 ) ),( + ( * ( min ( / ( - ( + v0 v1 ) 770 ) 128 ) ( + ( / v1 128 ) ( * ( / ( - ( / ( + ( + v0 v1 ) 126 ) 128 ) ( / v1 128 ) ) 8 ) 8 ) ) ) 2 ) 16 ),39
4033,( max ( + ( * ( min ( / ( - ( + v0 v1 ) 770 ) 128 ) ( + ( / v1 128 ) ( * ( / ( - ( / ( + ( + v0 v1 ) 126 ) 128 ) ( / v1 128 ) ) 8 ) 8 ) ) ) 2 ) 16 ) ( * ( + 7 ( min ( / ( - ( + v0 v1 ) 770 ) 128 ) ( + ( / v1 128 ) ( * ( / ( - ( / ( + ( + v0 v1 ) 126 ) 128 ) ( / v1 128 ) ) 8 ) 8 ) ) ) ) 2 ) ),( + ( * ( min ( / ( - ( + v0 v1 ) 770 ) 128 ) ( + ( / v1 128 ) ( * ( / ( - ( / ( + ( + v0 v1 ) 126 ) 128 ) ( / v1 128 ) ) 8 ) 8 ) ) ) 2 ) 16 ),30
1523,( min ( min ( / ( - ( + ( min v0 386 ) v1 ) 386 ) 64 ) ( - ( * ( / ( - ( + ( min v0 770 ) v1 ) 770 ) 128 ) 2 ) 1 ) ) ( / ( + 0 ( / ( - ( + ( min v0 194 ) v1 ) 194 ) 32 ) ) 2 ) ),( min ( / ( - ( + ( min v0 386 ) v1 ) 386 ) 64 ) ( - ( * ( / ( - ( + ( min v0 770 ) v1 ) 770 ) 128 ) 2 ) 1 ) ),25
2284,( min ( min ( / ( - ( + ( min v0 386 ) v1 ) 386 ) 64 ) ( - ( * ( / ( - ( + ( min v0 770 ) v1 ) 770 ) 128 ) 2 ) 1 ) ) ( / ( + 0 ( / ( - ( + ( min v0 194 ) v1 ) 194 ) 32 ) ) 2 ) ),( min ( / ( - ( + ( min v0 386 ) v1 ) 386 ) 64 ) ( - ( * ( / ( - ( + ( min v0 770 ) v1 ) 770 ) 128 ) 2 ) 1 ) ),22
3395,( max ( + ( max ( * ( min ( + ( + ( * ( / ( - v0 v1 ) 8 ) 8 ) v1 ) 7 ) v0 ) 2 ) ( + ( min ( / ( - ( + v2 v3 ) 98 ) 16 ) ( + ( / v3 16 ) ( * ( / ( - ( / ( + ( + v2 v3 ) 14 ) 16 ) ( / v3 16 ) ) 8 ) 8 ) ) ) 5 ) ) 2 ) ( + 7 ( min ( / ( - ( + v2 v3 ) 98 ) 16 ) ( + ( / v3 16 ) ( * ( / ( - ( / ( + ( + v2 v3 ) 14 ) 16 ) ( / v3 16 ) ) 8 ) 8 ) ) ) ) ),( + ( max ( * ( min ( + ( + ( * ( / ( - v0 v1 ) 8 ) 8 ) v1 ) 7 ) v0 ) 2 ) ( + ( min ( / ( - ( + v2 v3 ) 98 ) 16 ) ( + ( / v3 16 ) ( * ( / ( - ( / ( + ( + v2 v3 ) 14 ) 16 ) ( / v3 16 ) ) 8 ) 8 ) ) ) 5 ) ) 2 ),32
599,( max ( + ( max ( * ( min ( + ( + ( * ( / ( - v0 v1 ) 8 ) 8 ) v1 ) 7 ) v0 ) 2 ) ( + ( min ( / ( - ( + v2 v3 ) 194 ) 32 ) ( + ( / v3 32 ) ( * ( / ( - ( / ( + ( + v2 v3 ) 30 ) 32 ) ( / v3 32 ) ) 8 ) 8 ) ) ) 5 ) ) 2 ) ( + 7 ( min ( / ( - ( + v2 v3 ) 194 ) 32 ) ( + ( / v3 32 ) ( * ( / ( - ( / ( + ( + v2 v3 ) 30 ) 32 ) ( / v3 32 ) ) 8 ) 8 ) ) ) ) ),( + ( max ( * ( min ( + ( + ( * ( / ( - v0 v1 ) 8 ) 8 ) v1 ) 7 ) v0 ) 2 ) ( + ( min ( / ( - ( + v2 v3 ) 194 ) 32 ) ( + ( / v3 32 ) ( * ( / ( - ( / ( + ( + v2 v3 ) 30 ) 32 ) ( / v3 32 ) ) 8 ) 8 ) ) ) 5 ) ) 2 ),32
5271,( min ( min ( / ( - ( + ( min v0 194 ) v1 ) 194 ) 32 ) ( - ( * ( min ( - v2 7 ) v3 ) 2 ) 1 ) ) ( / ( + ( + 0 ( / ( - ( + ( min v0 98 ) v1 ) 98 ) 16 ) ) 1 ) 2 ) ),( min ( / ( - ( + ( min v0 194 ) v1 ) 194 ) 32 ) ( - ( * ( min ( - v2 7 ) v3 ) 2 ) 1 ) ),25
2278,( min ( min ( / ( - ( + ( min v0 194 ) v1 ) 194 ) 32 ) ( - ( * ( min ( - v2 7 ) v3 ) 2 ) 1 ) ) ( / ( + 0 ( / ( - ( + ( min v0 98 ) v1 ) 98 ) 16 ) ) 2 ) ),( min ( / ( - ( + ( min v0 194 ) v1 ) 194 ) 32 ) ( - ( * ( min ( - v2 7 ) v3 ) 2 ) 1 ) ),30
3562,( min ( min ( / ( - ( + ( min v0 194 ) v1 ) 194 ) 32 ) ( - ( * ( min ( - v2 7 ) v3 ) 2 ) 1 ) ) ( / ( + 0 ( / ( - ( + ( min v0 98 ) v1 ) 98 ) 16 ) ) 2 ) ),( min ( / ( - ( + ( min v0 194 ) v1 ) 194 ) 32 ) ( - ( * ( min ( - v2 7 ) v3 ) 2 ) 1 ) ),21
2667,( min ( min ( / ( - ( + ( min v0 50 ) v1 ) 50 ) 8 ) ( - ( * ( min ( - v2 7 ) v3 ) 2 ) 1 ) ) ( / ( + 0 ( / ( - ( + ( min v0 26 ) v1 ) 26 ) 4 ) ) 2 ) ),( min ( / ( - ( + ( min v0 50 ) v1 ) 50 ) 8 ) ( - ( * ( min ( - v2 7 ) v3 ) 2 ) 1 ) ),34
1437,( min ( min ( / ( - ( + ( min v0 194 ) v1 ) 194 ) 32 ) ( - ( * ( min ( - v2 7 ) v3 ) 2 ) 1 ) ) ( / ( + ( + 0 ( / ( - ( + ( min v0 98 ) v1 ) 98 ) 16 ) ) 1 ) 2 ) ),( min ( / ( - ( + ( min v0 194 ) v1 ) 194 ) 32 ) ( - ( * ( min ( - v2 7 ) v3 ) 2 ) 1 ) ),23
3320,( min ( min ( / ( - ( + ( min v0 194 ) v1 ) 194 ) 32 ) ( - ( * ( min ( - v2 7 ) v3 ) 2 ) 1 ) ) ( / ( + 0 ( / ( - ( + ( min v0 98 ) v1 ) 98 ) 16 ) ) 2 ) ),( min ( / ( - ( + ( min v0 194 ) v1 ) 194 ) 32 ) ( - ( * ( min ( - v2 7 ) v3 ) 2 ) 1 ) ),20
3146,( min ( min ( / ( - ( + ( min v0 50 ) v1 ) 50 ) 8 ) ( - ( * ( min ( - v2 7 ) v3 ) 2 ) 1 ) ) ( / ( + 0 ( / ( - ( + ( min v0 26 ) v1 ) 26 ) 4 ) ) 2 ) ),( min ( / ( - ( + ( min v0 50 ) v1 ) 50 ) 8 ) ( - ( * ( min ( - v2 7 ) v3 ) 2 ) 1 ) ),39
4991,( min ( min ( / ( - ( + ( min v0 50 ) v1 ) 50 ) 8 ) ( - ( * ( min ( - v2 7 ) v3 ) 2 ) 1 ) ) ( / ( + 0 ( / ( - ( + ( min v0 26 ) v1 ) 26 ) 4 ) ) 2 ) ),( min ( / ( - ( + ( min v0 50 ) v1 ) 50 ) 8 ) ( - ( * ( min ( - v2 7 ) v3 ) 2 ) 1 ) ),21
3171,( min ( min ( / ( - ( + ( min v0 50 ) v1 ) 50 ) 8 ) ( - ( * ( min ( - v2 7 ) v3 ) 2 ) 1 ) ) ( / ( + 0 ( / ( - ( + ( min v0 26 ) v1 ) 26 ) 4 ) ) 2 ) ),( min ( / ( - ( + ( min v0 50 ) v1 ) 50 ) 8 ) ( - ( * ( min ( - v2 7 ) v3 ) 2 ) 1 ) ),65
4103,( min ( min ( / ( - ( + ( min v0 50 ) v1 ) 50 ) 8 ) ( - ( * ( min ( - v2 7 ) v3 ) 2 ) 1 ) ) ( / ( + ( + 0 ( / ( - ( + ( min v0 26 ) v1 ) 26 ) 4 ) ) 1 ) 2 ) ),( min ( / ( - ( + ( min v0 50 ) v1 ) 50 ) 8 ) ( - ( * ( min ( - v2 7 ) v3 ) 2 ) 1 ) ),32
4875,( min ( min ( / ( - ( + ( min v0 50 ) v1 ) 50 ) 8 ) ( - ( * ( min ( - v2 7 ) v3 ) 2 ) 1 ) ) ( / ( + ( + 0 ( / ( - ( + ( min v0 26 ) v1 ) 26 ) 4 ) ) 1 ) 2 ) ),( min ( / ( - ( + ( min v0 50 ) v1 ) 50 ) 8 ) ( - ( * ( min ( - v2 7 ) v3 ) 2 ) 1 ) ),23
4171,( min ( min ( / ( - ( + ( min v0 194 ) v1 ) 194 ) 32 ) ( - ( * ( min ( - v2 7 ) v3 ) 2 ) 1 ) ) ( / ( + 0 ( / ( - ( + ( min v0 98 ) v1 ) 98 ) 16 ) ) 2 ) ),( min ( / ( - ( + ( min v0 194 ) v1 ) 194 ) 32 ) ( - ( * ( min ( - v2 7 ) v3 ) 2 ) 1 ) ),22
3762,( min ( min ( / ( - ( + ( min v0 50 ) v1 ) 50 ) 8 ) ( - ( * ( min ( - v2 7 ) v3 ) 2 ) 1 ) ) ( / ( + ( + 0 ( / ( - ( + ( min v0 26 ) v1 ) 26 ) 4 ) ) 1 ) 2 ) ),( min ( / ( - ( + ( min v0 50 ) v1 ) 50 ) 8 ) ( - ( * ( min ( - v2 7 ) v3 ) 2 ) 1 ) ),25
5086,( min ( min ( / ( - ( + ( min v0 194 ) v1 ) 194 ) 32 ) ( - ( * ( min ( - v2 7 ) v3 ) 2 ) 1 ) ) ( / ( + ( + 0 ( / ( - ( + ( min v0 98 ) v1 ) 98 ) 16 ) ) 1 ) 2 ) ),( min ( / ( - ( + ( min v0 194 ) v1 ) 194 ) 32 ) ( - ( * ( min ( - v2 7 ) v3 ) 2 ) 1 ) ),27
1478,( min ( min ( / ( - ( + ( min v0 194 ) v1 ) 194 ) 32 ) ( - ( * ( min ( - v2 7 ) v3 ) 2 ) 1 ) ) ( / ( + ( + 0 ( / ( - ( + ( min v0 98 ) v1 ) 98 ) 16 ) ) 1 ) 2 ) ),( min ( / ( - ( + ( min v0 194 ) v1 ) 194 ) 32 ) ( - ( * ( min ( - v2 7 ) v3 ) 2 ) 1 ) ),24
2179,( + ( - ( max ( max ( max ( / ( + ( min ( / ( - ( + v0 v1 ) 98 ) 16 ) ( + ( / v1 16 ) ( * ( / ( - ( / ( + ( + v0 v1 ) 14 ) 16 ) ( / v1 16 ) ) 8 ) 8 ) ) ) 7 ) 2 ) ( + ( max ( * ( min ( + ( + ( * ( / ( - v2 v3 ) 8 ) 8 ) v3 ) 7 ) v2 ) 2 ) ( + ( min ( / ( - ( + v0 v1 ) 194 ) 32 ) ( + ( / v1 32 ) ( * ( / ( - ( / ( + ( + v0 v1 ) 30 ) 32 ) ( / v1 32 ) ) 8 ) 8 ) ) ) 5 ) ) 2 ) ) ( + ( / ( min ( / ( - ( + v0 v1 ) 98 ) 16 ) ( + ( / v1 16 ) ( * ( / ( - ( / ( + ( + v0 v1 ) 14 ) 16 ) ( / v1 16 ) ) 8 ) 8 ) ) ) 2 ) 4 ) ) ( min ( + ( + ( * ( / ( - v4 v5 ) 8 ) 8 ) v5 ) 7 ) v4 ) ) ( min ( min ( min ( / ( - ( + ( min v0 194 ) v1 ) 194 ) 32 ) ( - ( * ( min ( - v2 7 ) v3 ) 2 ) 1 ) ) ( - v4 7 ) ) v5 ) ) 1 ),( + ( - ( max ( max ( max ( / ( + ( min ( / ( - ( + v0 v1 ) 98 ) 16 ) ( + ( / v1 16 ) ( * ( / ( - ( / ( + ( + v0 v1 ) 14 ) 16 ) ( / v1 16 ) ) 8 ) 8 ) ) ) 7 ) 2 ) ( + ( max ( * ( min ( + ( + ( * ( / ( - v2 v3 ) 8 ) 8 ) v3 ) 7 ) v2 ) 2 ) ( + ( min ( / ( - ( + v0 v1 ) 194 ) 32 ) ( + ( / v1 32 ) ( * ( / ( - ( / ( + ( + v0 v1 ) 30 ) 32 ) ( / v1 32 ) ) 8 ) 8 ) ) ) 5 ) ) 2 ) ) ( + ( / ( min ( / ( - ( + v0 v1 ) 98 ) 16 ) ( + ( / v1 16 ) ( * ( / ( - ( / ( + ( + v0 v1 ) 14 ) 16 ) ( / v1 16 ) ) 8 ) 8 ) ) ) 2 ) 4 ) ) ( min ( + ( + ( * ( / ( - v4 v5 ) 8 ) 8 ) v5 ) 7 ) v4 ) ) ( min ( min ( min ( / ( - ( + ( min v0 194 ) v1 ) 194 ) 32 ) ( - ( * ( min ( - v2 7 ) v3 ) 2 ) 1 ) ) ( - v4 7 ) ) v5 ) ) 1 ),32
2231,( min ( min ( / ( - ( + ( min v0 98 ) v1 ) 98 ) 16 ) ( - ( * ( min ( - v2 7 ) v3 ) 2 ) 1 ) ) ( / ( + ( + 0 ( / ( - ( + ( min v0 50 ) v1 ) 50 ) 8 ) ) 1 ) 2 ) ),( min ( / ( - ( + ( min v0 98 ) v1 ) 98 ) 16 ) ( - ( * ( min ( - v2 7 ) v3 ) 2 ) 1 ) ),26
5946,( min ( min ( / ( - ( + ( min v0 98 ) v1 ) 98 ) 16 ) ( - ( * ( min ( - v2 7 ) v3 ) 2 ) 1 ) ) ( / ( + 0 ( / ( - ( + ( min v0 50 ) v1 ) 50 ) 8 ) ) 2 ) ),( min ( / ( - ( + ( min v0 98 ) v1 ) 98 ) 16 ) ( - ( * ( min ( - v2 7 ) v3 ) 2 ) 1 ) ),21
3889,( min ( min ( / ( - ( + ( min v0 98 ) v1 ) 98 ) 16 ) ( - ( * ( min ( - v2 7 ) v3 ) 2 ) 1 ) ) ( / ( + 0 ( / ( - ( + ( min v0 50 ) v1 ) 50 ) 8 ) ) 2 ) ),( min ( / ( - ( + ( min v0 98 ) v1 ) 98 ) 16 ) ( - ( * ( min ( - v2 7 ) v3 ) 2 ) 1 ) ),23
1355,( min ( min ( / ( - ( + ( min v0 98 ) v1 ) 98 ) 16 ) ( - ( * ( min ( - v2 7 ) v3 ) 2 ) 1 ) ) ( / ( + ( + 0 ( / ( - ( + ( min v0 50 ) v1 ) 50 ) 8 ) ) 1 ) 2 ) ),( min ( / ( - ( + ( min v0 98 ) v1 ) 98 ) 16 ) ( - ( * ( min ( - v2 7 ) v3 ) 2 ) 1 ) ),24
1600,( + ( - ( max ( max ( max ( / ( + ( min ( / ( - ( + v0 v1 ) 98 ) 16 ) ( + ( / v1 16 ) ( * ( / ( - ( / ( + ( + v0 v1 ) 14 ) 16 ) ( / v1 16 ) ) 8 ) 8 ) ) ) 7 ) 2 ) ( + ( max ( * ( min ( + ( + ( * ( / ( - v2 v3 ) 8 ) 8 ) v3 ) 7 ) v2 ) 2 ) ( + ( min ( / ( - ( + v0 v1 ) 194 ) 32 ) ( + ( / v1 32 ) ( * ( / ( - ( / ( + ( + v0 v1 ) 30 ) 32 ) ( / v1 32 ) ) 8 ) 8 ) ) ) 5 ) ) 2 ) ) ( + ( / ( min ( / ( - ( + v0 v1 ) 98 ) 16 ) ( + ( / v1 16 ) ( * ( / ( - ( / ( + ( + v0 v1 ) 14 ) 16 ) ( / v1 16 ) ) 8 ) 8 ) ) ) 2 ) 4 ) ) ( min ( + ( + ( * ( / ( - v4 v5 ) 8 ) 8 ) v5 ) 7 ) v4 ) ) ( min ( min ( min ( / ( - ( + ( min v0 194 ) v1 ) 194 ) 32 ) ( - ( * ( min ( - v2 7 ) v3 ) 2 ) 1 ) ) ( - v4 7 ) ) v5 ) ) 1 ),( + ( - ( max ( max ( max ( / ( + ( min ( / ( - ( + v0 v1 ) 98 ) 16 ) ( + ( / v1 16 ) ( * ( / ( - ( / ( + ( + v0 v1 ) 14 ) 16 ) ( / v1 16 ) ) 8 ) 8 ) ) ) 7 ) 2 ) ( + ( max ( * ( min ( + ( + ( * ( / ( - v2 v3 ) 8 ) 8 ) v3 ) 7 ) v2 ) 2 ) ( + ( min ( / ( - ( + v0 v1 ) 194 ) 32 ) ( + ( / v1 32 ) ( * ( / ( - ( / ( + ( + v0 v1 ) 30 ) 32 ) ( / v1 32 ) ) 8 ) 8 ) ) ) 5 ) ) 2 ) ) ( + ( / ( min ( / ( - ( + v0 v1 ) 98 ) 16 ) ( + ( / v1 16 ) ( * ( / ( - ( / ( + ( + v0 v1 ) 14 ) 16 ) ( / v1 16 ) ) 8 ) 8 ) ) ) 2 ) 4 ) ) ( min ( + ( + ( * ( / ( - v4 v5 ) 8 ) 8 ) v5 ) 7 ) v4 ) ) ( min ( min ( min ( / ( - ( + ( min v0 194 ) v1 ) 194 ) 32 ) ( - ( * ( min ( - v2 7 ) v3 ) 2 ) 1 ) ) ( - v4 7 ) ) v5 ) ) 1 ),31
1914,( min ( / ( - ( + ( min v0 770 ) v1 ) 770 ) 128 ) ( / ( + ( + 0 ( / ( - ( + ( min v0 386 ) v1 ) 386 ) 64 ) ) 1 ) 2 ) ),( / ( - ( + ( min v0 770 ) v1 ) 770 ) 128 ),21
601,( min ( min ( / ( - ( + ( min v0 98 ) v1 ) 98 ) 16 ) ( - ( * ( min ( - v2 7 ) v3 ) 2 ) 1 ) ) ( / ( + 0 ( / ( - ( + ( min v0 50 ) v1 ) 50 ) 8 ) ) 2 ) ),( min ( / ( - ( + ( min v0 98 ) v1 ) 98 ) 16 ) ( - ( * ( min ( - v2 7 ) v3 ) 2 ) 1 ) ),54
840,( min ( min ( / ( - ( + ( min v0 98 ) v1 ) 98 ) 16 ) ( - ( * ( min ( - v2 7 ) v3 ) 2 ) 1 ) ) ( / ( + ( + 0 ( / ( - ( + ( min v0 50 ) v1 ) 50 ) 8 ) ) 1 ) 2 ) ),( min ( / ( - ( + ( min v0 98 ) v1 ) 98 ) 16 ) ( - ( * ( min ( - v2 7 ) v3 ) 2 ) 1 ) ),23
320,( + ( - ( max ( max ( max ( / ( + ( min ( / ( - ( + v0 v1 ) 98 ) 16 ) ( + ( / v1 16 ) ( * ( / ( - ( / ( + ( + v0 v1 ) 14 ) 16 ) ( / v1 16 ) ) 8 ) 8 ) ) ) 7 ) 2 ) ( + ( max ( * ( min ( + ( + ( * ( / ( - v2 v3 ) 8 ) 8 ) v3 ) 7 ) v2 ) 2 ) ( + ( min ( / ( - ( + v0 v1 ) 194 ) 32 ) ( + ( / v1 32 ) ( * ( / ( - ( / ( + ( + v0 v1 ) 30 ) 32 ) ( / v1 32 ) ) 8 ) 8 ) ) ) 5 ) ) 2 ) ) ( + ( / ( min ( / ( - ( + v0 v1 ) 98 ) 16 ) ( + ( / v1 16 ) ( * ( / ( - ( / ( + ( + v0 v1 ) 14 ) 16 ) ( / v1 16 ) ) 8 ) 8 ) ) ) 2 ) 4 ) ) ( min ( + ( + ( * ( / ( - v4 v5 ) 8 ) 8 ) v5 ) 7 ) v4 ) ) ( min ( min ( min ( / ( - ( + ( min v0 194 ) v1 ) 194 ) 32 ) ( - ( * ( min ( - v2 7 ) v3 ) 2 ) 1 ) ) ( - v4 7 ) ) v5 ) ) 1 ),( + ( - ( max ( max ( max ( / ( + ( min ( / ( - ( + v0 v1 ) 98 ) 16 ) ( + ( / v1 16 ) ( * ( / ( - ( / ( + ( + v0 v1 ) 14 ) 16 ) ( / v1 16 ) ) 8 ) 8 ) ) ) 7 ) 2 ) ( + ( max ( * ( min ( + ( + ( * ( / ( - v2 v3 ) 8 ) 8 ) v3 ) 7 ) v2 ) 2 ) ( + ( min ( / ( - ( + v0 v1 ) 194 ) 32 ) ( + ( / v1 32 ) ( * ( / ( - ( / ( + ( + v0 v1 ) 30 ) 32 ) ( / v1 32 ) ) 8 ) 8 ) ) ) 5 ) ) 2 ) ) ( + ( / ( min ( / ( - ( + v0 v1 ) 98 ) 16 ) ( + ( / v1 16 ) ( * ( / ( - ( / ( + ( + v0 v1 ) 14 ) 16 ) ( / v1 16 ) ) 8 ) 8 ) ) ) 2 ) 4 ) ) ( min ( + ( + ( * ( / ( - v4 v5 ) 8 ) 8 ) v5 ) 7 ) v4 ) ) ( min ( min ( min ( / ( - ( + ( min v0 194 ) v1 ) 194 ) 32 ) ( - ( * ( min ( - v2 7 ) v3 ) 2 ) 1 ) ) ( - v4 7 ) ) v5 ) ) 1 ),34
2702,( max ( - ( max ( * ( min ( + ( + ( * ( / ( - v0 v1 ) 8 ) 8 ) v1 ) 7 ) v0 ) 2 ) ( + ( * ( max ( min ( + ( + ( * ( / ( - v0 v1 ) 8 ) 8 ) v1 ) 7 ) v0 ) ( min ( + ( + ( * ( / ( - v2 v3 ) 8 ) 8 ) v3 ) 7 ) v2 ) ) 2 ) 3 ) ) 1 ) ( * ( + 7 ( min ( + ( * ( / ( - v0 v1 ) 8 ) 8 ) v1 ) ( - v0 7 ) ) ) 2 ) ),( + ( * ( max ( min ( + ( + ( * ( / ( - v0 v1 ) 8 ) 8 ) v1 ) 7 ) v0 ) ( min ( + ( + ( * ( / ( - v2 v3 ) 8 ) 8 ) v3 ) 7 ) v2 ) ) 2 ) 2 ),38
3841,( min ( / ( - ( + ( min v0 26 ) v1 ) 26 ) 8 ) ( / ( + ( + 0 ( / ( - ( + ( min v0 26 ) v1 ) 26 ) 4 ) ) 1 ) 2 ) ),( / ( - ( + ( min v0 26 ) v1 ) 26 ) 8 ),14
5725,( max ( max ( * ( max ( min ( + ( + ( * ( / ( - v0 v1 ) 64 ) 64 ) v1 ) 63 ) v0 ) ( + ( min ( + ( + ( * ( / ( - v2 v3 ) 64 ) 64 ) v3 ) 63 ) v2 ) 1 ) ) 2 ) ( + ( * ( min ( + ( + ( * ( / ( - v0 v1 ) 64 ) 64 ) v1 ) 63 ) v0 ) 2 ) 1 ) ) ( + ( * ( + 7 ( + ( min ( + ( * ( / ( - v0 v1 ) 64 ) 64 ) v1 ) ( - v0 63 ) ) 56 ) ) 2 ) 2 ) ),( + ( * ( max ( min ( + ( + ( * ( / ( - v0 v1 ) 64 ) 64 ) v1 ) 63 ) v0 ) ( min ( + ( + ( * ( / ( - v2 v3 ) 64 ) 64 ) v3 ) 63 ) v2 ) ) 2 ) 2 ),61
646,( max ( + ( * ( + 7 ( + ( min ( + ( * ( / ( - v0 v1 ) 64 ) 64 ) v1 ) ( - v0 63 ) ) 56 ) ) 2 ) 2 ) ( - ( * ( + 7 ( + ( min ( + ( * ( / ( - v0 v1 ) 64 ) 64 ) v1 ) ( - v0 63 ) ) 56 ) ) 2 ) 1 ) ),( + ( * ( min ( + ( + ( * ( / ( - v0 v1 ) 64 ) 64 ) v1 ) 63 ) v0 ) 2 ) 2 ),31
1210,( min ( / ( - ( + ( min v0 50 ) v1 ) 50 ) 16 ) ( / ( + ( + 0 ( / ( - ( + ( min v0 50 ) v1 ) 50 ) 8 ) ) 1 ) 2 ) ),( / ( - ( + ( min v0 50 ) v1 ) 50 ) 16 ),14
1340,( min ( / ( - ( + ( min v0 26 ) v1 ) 26 ) 8 ) ( / ( + ( + 0 ( / ( - ( + ( min v0 26 ) v1 ) 26 ) 4 ) ) 1 ) 2 ) ),( / ( - ( + ( min v0 26 ) v1 ) 26 ) 8 ),16
4807,( max ( - ( max ( * ( min ( + ( + ( * ( / ( - v0 v1 ) 8 ) 8 ) v1 ) 7 ) v0 ) 2 ) ( + ( * ( max ( min ( + ( + ( * ( / ( - v0 v1 ) 8 ) 8 ) v1 ) 7 ) v0 ) ( min ( + ( + ( * ( / ( - v2 v3 ) 8 ) 8 ) v3 ) 7 ) v2 ) ) 2 ) 3 ) ) 1 ) ( * ( + 7 ( min ( + ( * ( / ( - v0 v1 ) 8 ) 8 ) v1 ) ( - v0 7 ) ) ) 2 ) ),( + ( * ( max ( min ( + ( + ( * ( / ( - v0 v1 ) 8 ) 8 ) v1 ) 7 ) v0 ) ( min ( + ( + ( * ( / ( - v2 v3 ) 8 ) 8 ) v3 ) 7 ) v2 ) ) 2 ) 2 ),76
996,( + ( - ( max ( max ( max ( / ( + ( min ( / ( - ( + v0 v1 ) 194 ) 32 ) ( + ( / v1 32 ) ( * ( / ( - ( / ( + ( + v0 v1 ) 30 ) 32 ) ( / v1 32 ) ) 8 ) 8 ) ) ) 7 ) 2 ) ( + ( max ( min ( / ( - ( + v0 v1 ) 386 ) 64 ) ( + ( / v1 64 ) ( * ( / ( - ( / ( + ( + v0 v1 ) 62 ) 64 ) ( / v1 64 ) ) 8 ) 8 ) ) ) ( + ( * ( min ( / ( - ( + v0 v1 ) 770 ) 128 ) ( + ( / v1 128 ) ( * ( / ( - ( / ( + ( + v0 v1 ) 126 ) 128 ) ( / v1 128 ) ) 8 ) 8 ) ) ) 2 ) 9 ) ) 7 ) ) ( + ( / ( min ( / ( - ( + v0 v1 ) 194 ) 32 ) ( + ( / v1 32 ) ( * ( / ( - ( / ( + ( + v0 v1 ) 30 ) 32 ) ( / v1 32 ) ) 8 ) 8 ) ) ) 2 ) 4 ) ) ( min ( + ( + ( * ( / ( - v2 v3 ) 8 ) 8 ) v3 ) 7 ) v2 ) ) ( min ( min ( min ( / ( - ( + ( min v0 386 ) v1 ) 386 ) 64 ) ( - ( * ( / ( - ( + ( min v0 770 ) v1 ) 770 ) 128 ) 2 ) 1 ) ) ( - v2 7 ) ) v3 ) ) 1 ),( + ( - ( max ( max ( max ( / ( + ( min ( / ( - ( + v0 v1 ) 194 ) 32 ) ( + ( / v1 32 ) ( * ( / ( - ( / ( + ( + v0 v1 ) 30 ) 32 ) ( / v1 32 ) ) 8 ) 8 ) ) ) 7 ) 2 ) ( + ( max ( min ( / ( - ( + v0 v1 ) 386 ) 64 ) ( + ( / v1 64 ) ( * ( / ( - ( / ( + ( + v0 v1 ) 62 ) 64 ) ( / v1 64 ) ) 8 ) 8 ) ) ) ( + ( * ( min ( / ( - ( + v0 v1 ) 770 ) 128 ) ( + ( / v1 128 ) ( * ( / ( - ( / ( + ( + v0 v1 ) 126 ) 128 ) ( / v1 128 ) ) 8 ) 8 ) ) ) 2 ) 9 ) ) 7 ) ) ( + ( / ( min ( / ( - ( + v0 v1 ) 194 ) 32 ) ( + ( / v1 32 ) ( * ( / ( - ( / ( + ( + v0 v1 ) 30 ) 32 ) ( / v1 32 ) ) 8 ) 8 ) ) ) 2 ) 4 ) ) ( min ( + ( + ( * ( / ( - v2 v3 ) 8 ) 8 ) v3 ) 7 ) v2 ) ) ( min ( min ( min ( / ( - ( + ( min v0 386 ) v1 ) 386 ) 64 ) ( - ( * ( / ( - ( + ( min v0 770 ) v1 ) 770 ) 128 ) 2 ) 1 ) ) ( - v2 7 ) ) v3 ) ) 1 ),49
4856,( max ( - ( max ( * ( min ( + ( + ( * ( / ( - v0 v1 ) 8 ) 8 ) v1 ) 7 ) v0 ) 2 ) ( + ( * ( max ( min ( + ( + ( * ( / ( - v0 v1 ) 8 ) 8 ) v1 ) 7 ) v0 ) ( min ( + ( + ( * ( / ( - v2 v3 ) 8 ) 8 ) v3 ) 7 ) v2 ) ) 2 ) 3 ) ) 1 ) ( * ( + 7 ( min ( + ( * ( / ( - v0 v1 ) 8 ) 8 ) v1 ) ( - v0 7 ) ) ) 2 ) ),( + ( * ( max ( min ( + ( + ( * ( / ( - v0 v1 ) 8 ) 8 ) v1 ) 7 ) v0 ) ( min ( + ( + ( * ( / ( - v2 v3 ) 8 ) 8 ) v3 ) 7 ) v2 ) ) 2 ) 2 ),36
2185,( max ( - ( max ( * ( min ( + ( + ( * ( / ( - v0 v1 ) 8 ) 8 ) v1 ) 7 ) v0 ) 2 ) ( + ( * ( max ( min ( + ( + ( * ( / ( - v2 v3 ) 8 ) 8 ) v3 ) 7 ) v2 ) ( min ( + ( + ( * ( / ( - v0 v1 ) 8 ) 8 ) v1 ) 7 ) v0 ) ) 2 ) 3 ) ) 1 ) ( * ( + 7 ( min ( + ( * ( / ( - v0 v1 ) 8 ) 8 ) v1 ) ( - v0 7 ) ) ) 2 ) ),( + ( * ( max ( min ( + ( + ( * ( / ( - v0 v1 ) 8 ) 8 ) v1 ) 7 ) v0 ) ( min ( + ( + ( * ( / ( - v2 v3 ) 8 ) 8 ) v3 ) 7 ) v2 ) ) 2 ) 2 ),130
3743,( min ( / ( - ( + ( min v0 50 ) v1 ) 50 ) 16 ) ( / ( + ( + 0 ( / ( - ( + ( min v0 50 ) v1 ) 50 ) 8 ) ) 1 ) 2 ) ),( / ( - ( + ( min v0 50 ) v1 ) 50 ) 16 ),22
3114,( + ( - ( max ( max ( max ( / ( + ( min ( / ( - ( + v0 v1 ) 194 ) 32 ) ( + ( / v1 32 ) ( * ( / ( - ( / ( + ( + v0 v1 ) 30 ) 32 ) ( / v1 32 ) ) 8 ) 8 ) ) ) 7 ) 2 ) ( + ( max ( min ( / ( - ( + v0 v1 ) 386 ) 64 ) ( + ( / v1 64 ) ( * ( / ( - ( / ( + ( + v0 v1 ) 62 ) 64 ) ( / v1 64 ) ) 8 ) 8 ) ) ) ( + ( * ( min ( / ( - ( + v0 v1 ) 770 ) 128 ) ( + ( / v1 128 ) ( * ( / ( - ( / ( + ( + v0 v1 ) 126 ) 128 ) ( / v1 128 ) ) 8 ) 8 ) ) ) 2 ) 9 ) ) 7 ) ) ( + ( / ( min ( / ( - ( + v0 v1 ) 194 ) 32 ) ( + ( / v1 32 ) ( * ( / ( - ( / ( + ( + v0 v1 ) 30 ) 32 ) ( / v1 32 ) ) 8 ) 8 ) ) ) 2 ) 4 ) ) ( min ( + ( + ( * ( / ( - v2 v3 ) 8 ) 8 ) v3 ) 7 ) v2 ) ) ( min ( min ( min ( / ( - ( + ( min v0 386 ) v1 ) 386 ) 64 ) ( - ( * ( / ( - ( + ( min v0 770 ) v1 ) 770 ) 128 ) 2 ) 1 ) ) ( - v2 7 ) ) v3 ) ) 1 ),( + ( - ( max ( max ( max ( / ( + ( min ( / ( - ( + v0 v1 ) 194 ) 32 ) ( + ( / v1 32 ) ( * ( / ( - ( / ( + ( + v0 v1 ) 30 ) 32 ) ( / v1 32 ) ) 8 ) 8 ) ) ) 7 ) 2 ) ( + ( max ( min ( / ( - ( + v0 v1 ) 386 ) 64 ) ( + ( / v1 64 ) ( * ( / ( - ( / ( + ( + v0 v1 ) 62 ) 64 ) ( / v1 64 ) ) 8 ) 8 ) ) ) ( + ( * ( min ( / ( - ( + v0 v1 ) 770 ) 128 ) ( + ( / v1 128 ) ( * ( / ( - ( / ( + ( + v0 v1 ) 126 ) 128 ) ( / v1 128 ) ) 8 ) 8 ) ) ) 2 ) 9 ) ) 7 ) ) ( + ( / ( min ( / ( - ( + v0 v1 ) 194 ) 32 ) ( + ( / v1 32 ) ( * ( / ( - ( / ( + ( + v0 v1 ) 30 ) 32 ) ( / v1 32 ) ) 8 ) 8 ) ) ) 2 ) 4 ) ) ( min ( + ( + ( * ( / ( - v2 v3 ) 8 ) 8 ) v3 ) 7 ) v2 ) ) ( min ( min ( min ( / ( - ( + ( min v0 386 ) v1 ) 386 ) 64 ) ( - ( * ( / ( - ( + ( min v0 770 ) v1 ) 770 ) 128 ) 2 ) 1 ) ) ( - v2 7 ) ) v3 ) ) 1 ),38
1804,( max ( + ( * ( + 7 ( + ( min ( + ( * ( / ( - v0 v1 ) 64 ) 64 ) v1 ) ( - v0 63 ) ) 56 ) ) 2 ) 2 ) ( - ( * ( + 7 ( + ( min ( + ( * ( / ( - v0 v1 ) 64 ) 64 ) v1 ) ( - v0 63 ) ) 56 ) ) 2 ) 1 ) ),( + ( * ( min ( + ( + ( * ( / ( - v0 v1 ) 64 ) 64 ) v1 ) 63 ) v0 ) 2 ) 2 ),34
583,( min ( / ( - ( + ( min v0 770 ) v1 ) 770 ) 128 ) ( / ( + 0 ( / ( - ( + ( min v0 386 ) v1 ) 386 ) 64 ) ) 2 ) ),( / ( - ( + ( min v0 770 ) v1 ) 770 ) 128 ),16
4845,( + ( - ( max ( max ( max ( / ( + ( min ( / ( - ( + v0 v1 ) 194 ) 32 ) ( + ( / v1 32 ) ( * ( / ( - ( / ( + ( + v0 v1 ) 30 ) 32 ) ( / v1 32 ) ) 8 ) 8 ) ) ) 7 ) 2 ) ( + ( max ( min ( / ( - ( + v0 v1 ) 386 ) 64 ) ( + ( / v1 64 ) ( * ( / ( - ( / ( + ( + v0 v1 ) 62 ) 64 ) ( / v1 64 ) ) 8 ) 8 ) ) ) ( + ( * ( min ( / ( - ( + v0 v1 ) 770 ) 128 ) ( + ( / v1 128 ) ( * ( / ( - ( / ( + ( + v0 v1 ) 126 ) 128 ) ( / v1 128 ) ) 8 ) 8 ) ) ) 2 ) 9 ) ) 7 ) ) ( + ( / ( min ( / ( - ( + v0 v1 ) 194 ) 32 ) ( + ( / v1 32 ) ( * ( / ( - ( / ( + ( + v0 v1 ) 30 ) 32 ) ( / v1 32 ) ) 8 ) 8 ) ) ) 2 ) 4 ) ) ( min ( + ( + ( * ( / ( - v2 v3 ) 8 ) 8 ) v3 ) 7 ) v2 ) ) ( min ( min ( min ( / ( - ( + ( min v0 386 ) v1 ) 386 ) 64 ) ( - ( * ( / ( - ( + ( min v0 770 ) v1 ) 770 ) 128 ) 2 ) 1 ) ) ( - v2 7 ) ) v3 ) ) 1 ),( + ( - ( max ( max ( max ( / ( + ( min ( / ( - ( + v0 v1 ) 194 ) 32 ) ( + ( / v1 32 ) ( * ( / ( - ( / ( + ( + v0 v1 ) 30 ) 32 ) ( / v1 32 ) ) 8 ) 8 ) ) ) 7 ) 2 ) ( + ( max ( min ( / ( - ( + v0 v1 ) 386 ) 64 ) ( + ( / v1 64 ) ( * ( / ( - ( / ( + ( + v0 v1 ) 62 ) 64 ) ( / v1 64 ) ) 8 ) 8 ) ) ) ( + ( * ( min ( / ( - ( + v0 v1 ) 770 ) 128 ) ( + ( / v1 128 ) ( * ( / ( - ( / ( + ( + v0 v1 ) 126 ) 128 ) ( / v1 128 ) ) 8 ) 8 ) ) ) 2 ) 9 ) ) 7 ) ) ( + ( / ( min ( / ( - ( + v0 v1 ) 194 ) 32 ) ( + ( / v1 32 ) ( * ( / ( - ( / ( + ( + v0 v1 ) 30 ) 32 ) ( / v1 32 ) ) 8 ) 8 ) ) ) 2 ) 4 ) ) ( min ( + ( + ( * ( / ( - v2 v3 ) 8 ) 8 ) v3 ) 7 ) v2 ) ) ( min ( min ( min ( / ( - ( + ( min v0 386 ) v1 ) 386 ) 64 ) ( - ( * ( / ( - ( + ( min v0 770 ) v1 ) 770 ) 128 ) 2 ) 1 ) ) ( - v2 7 ) ) v3 ) ) 1 ),37
3866,( min ( / ( - ( + ( min v0 770 ) v1 ) 770 ) 128 ) ( / ( + 0 ( / ( - ( + ( min v0 386 ) v1 ) 386 ) 64 ) ) 2 ) ),( / ( - ( + ( min v0 770 ) v1 ) 770 ) 128 ),18
3315,( min ( / ( - ( + ( min v0 770 ) v1 ) 770 ) 128 ) ( / ( + 0 ( / ( - ( + ( min v0 386 ) v1 ) 386 ) 64 ) ) 2 ) ),( / ( - ( + ( min v0 770 ) v1 ) 770 ) 128 ),23
3000,( min ( - ( min ( / ( + ( min v0 64 ) v1 ) 16 ) ( + ( * v2 2 ) 3 ) ) 4 ) ( / ( - ( / ( + ( min v0 64 ) v1 ) 8 ) 8 ) 2 ) ),( - ( min ( / ( + ( min v0 64 ) v1 ) 16 ) ( + ( * v2 2 ) 3 ) ) 4 ),18
5684,( min ( / ( - ( + ( min v0 98 ) v1 ) 98 ) 32 ) ( / ( + ( + 0 ( / ( - ( + ( min v0 98 ) v1 ) 98 ) 16 ) ) 1 ) 2 ) ),( / ( - ( + ( min v0 98 ) v1 ) 98 ) 32 ),39
1337,( min ( / ( - ( + ( min v0 26 ) v1 ) 26 ) 8 ) ( / ( + 0 ( / ( - ( + ( min v0 26 ) v1 ) 26 ) 4 ) ) 2 ) ),( / ( - ( + ( min v0 26 ) v1 ) 26 ) 8 ),7
3451,( min ( - ( min ( / ( + ( min v0 64 ) v1 ) 16 ) ( + ( * v2 2 ) 3 ) ) 4 ) ( / ( - ( / ( + ( min v0 64 ) v1 ) 8 ) 8 ) 2 ) ),( - ( min ( / ( + ( min v0 64 ) v1 ) 16 ) ( + ( * v2 2 ) 3 ) ) 4 ),27
1322,( + ( - ( max ( min ( + ( + ( * ( / ( - v0 v1 ) 8 ) 8 ) v1 ) 7 ) v0 ) ( + ( max ( min ( / ( - ( + v2 v3 ) 386 ) 64 ) ( + ( / v3 64 ) ( * ( / ( - ( / ( + ( + v2 v3 ) 62 ) 64 ) ( / v3 64 ) ) 8 ) 8 ) ) ) ( + ( * ( min ( / ( - ( + v2 v3 ) 770 ) 128 ) ( + ( / v3 128 ) ( * ( / ( - ( / ( + ( + v2 v3 ) 126 ) 128 ) ( / v3 128 ) ) 8 ) 8 ) ) ) 2 ) 9 ) ) 7 ) ) ( min ( min ( min ( / ( - ( + ( min v2 386 ) v3 ) 386 ) 64 ) ( - ( * ( / ( - ( + ( min v2 770 ) v3 ) 770 ) 128 ) 2 ) 1 ) ) ( - v0 7 ) ) v1 ) ) 1 ),( + ( - ( max ( min ( + ( + ( * ( / ( - v0 v1 ) 8 ) 8 ) v1 ) 7 ) v0 ) ( + ( max ( min ( / ( - ( + v2 v3 ) 386 ) 64 ) ( + ( / v3 64 ) ( * ( / ( - ( / ( + ( + v2 v3 ) 62 ) 64 ) ( / v3 64 ) ) 8 ) 8 ) ) ) ( + ( * ( min ( / ( - ( + v2 v3 ) 770 ) 128 ) ( + ( / v3 128 ) ( * ( / ( - ( / ( + ( + v2 v3 ) 126 ) 128 ) ( / v3 128 ) ) 8 ) 8 ) ) ) 2 ) 9 ) ) 7 ) ) ( min ( min ( min ( / ( - ( + ( min v2 386 ) v3 ) 386 ) 64 ) ( - ( * ( / ( - ( + ( min v2 770 ) v3 ) 770 ) 128 ) 2 ) 1 ) ) ( - v0 7 ) ) v1 ) ) 1 ),19
745,( max ( + ( max ( * ( min ( + ( + ( * ( / ( - v0 v1 ) 8 ) 8 ) v1 ) 7 ) v0 ) 2 ) ( + ( * ( max ( min ( + ( + ( * ( / ( - v0 v1 ) 8 ) 8 ) v1 ) 7 ) v0 ) ( min ( + ( + ( * ( / ( - v2 v3 ) 8 ) 8 ) v3 ) 7 ) v2 ) ) 2 ) 1 ) ) 1 ) ( + ( * ( + 7 ( min ( + ( * ( / ( - v0 v1 ) 8 ) 8 ) v1 ) ( - v0 7 ) ) ) 2 ) 2 ) ),( + ( * ( max ( min ( + ( + ( * ( / ( - v0 v1 ) 8 ) 8 ) v1 ) 7 ) v0 ) ( min ( + ( + ( * ( / ( - v2 v3 ) 8 ) 8 ) v3 ) 7 ) v2 ) ) 2 ) 2 ),46
615,( min ( / ( - ( + ( min v0 26 ) v1 ) 26 ) 8 ) ( / ( + 0 ( / ( - ( + ( min v0 26 ) v1 ) 26 ) 4 ) ) 2 ) ),( / ( - ( + ( min v0 26 ) v1 ) 26 ) 8 ),8
5223,( min ( / ( - ( + ( min v0 50 ) v1 ) 50 ) 16 ) ( / ( + 0 ( / ( - ( + ( min v0 50 ) v1 ) 50 ) 8 ) ) 2 ) ),( / ( - ( + ( min v0 50 ) v1 ) 50 ) 16 ),10
5623,( min ( min ( / ( - ( + ( min v0 386 ) v1 ) 386 ) 64 ) ( - ( * ( / ( - ( + ( min v0 770 ) v1 ) 770 ) 128 ) 2 ) 1 ) ) ( / ( + ( + 0 ( / ( - ( + ( min v0 194 ) v1 ) 194 ) 32 ) ) 1 ) 2 ) ),( min ( / ( - ( + ( min v0 386 ) v1 ) 386 ) 64 ) ( - ( * ( / ( - ( + ( min v0 770 ) v1 ) 770 ) 128 ) 2 ) 1 ) ),24
3769,( min ( / ( - ( + ( min v0 14 ) v1 ) 14 ) 4 ) ( / ( + 0 ( - ( / ( + ( min v0 14 ) v1 ) 2 ) 7 ) ) 2 ) ),( / ( - ( + ( min v0 14 ) v1 ) 14 ) 4 ),34
5018,( min ( / ( - ( + ( min v0 14 ) v1 ) 14 ) 4 ) ( / ( + ( + 0 ( - ( / ( + ( min v0 14 ) v1 ) 2 ) 7 ) ) 1 ) 2 ) ),( / ( - ( + ( min v0 14 ) v1 ) 14 ) 4 ),24
1153,( max ( max ( * ( max ( min ( + ( + ( * ( / ( - v0 v1 ) 32 ) 32 ) v1 ) 31 ) v0 ) ( + ( min ( + ( + ( * ( / ( - v2 v3 ) 8 ) 8 ) v3 ) 7 ) v2 ) 1 ) ) 2 ) ( + ( * ( min ( + ( + ( * ( / ( - v0 v1 ) 32 ) 32 ) v1 ) 31 ) v0 ) 2 ) 1 ) ) ( + ( * ( + 31 ( min ( + ( * ( / ( - v0 v1 ) 32 ) 32 ) v1 ) ( - v0 31 ) ) ) 2 ) 2 ) ),( + ( * ( max ( min ( + ( + ( * ( / ( - v0 v1 ) 32 ) 32 ) v1 ) 31 ) v0 ) ( min ( + ( + ( * ( / ( - v2 v3 ) 8 ) 8 ) v3 ) 7 ) v2 ) ) 2 ) 2 ),40
1449,( max ( + ( max ( * ( min ( + ( + ( * ( / ( - v0 v1 ) 8 ) 8 ) v1 ) 7 ) v0 ) 2 ) ( + ( * ( max ( min ( + ( + ( * ( / ( - v0 v1 ) 8 ) 8 ) v1 ) 7 ) v0 ) ( min ( + ( + ( * ( / ( - v2 v3 ) 8 ) 8 ) v3 ) 7 ) v2 ) ) 2 ) 1 ) ) 1 ) ( + ( * ( + 7 ( min ( + ( * ( / ( - v0 v1 ) 8 ) 8 ) v1 ) ( - v0 7 ) ) ) 2 ) 2 ) ),( + ( * ( max ( min ( + ( + ( * ( / ( - v0 v1 ) 8 ) 8 ) v1 ) 7 ) v0 ) ( min ( + ( + ( * ( / ( - v2 v3 ) 8 ) 8 ) v3 ) 7 ) v2 ) ) 2 ) 2 ),50
2945,( min ( / ( - ( + ( min v0 50 ) v1 ) 50 ) 16 ) ( / ( + 0 ( / ( - ( + ( min v0 50 ) v1 ) 50 ) 8 ) ) 2 ) ),( / ( - ( + ( min v0 50 ) v1 ) 50 ) 16 ),7
671,( min ( min ( / ( - ( + ( min v0 386 ) v1 ) 386 ) 64 ) ( - ( * ( / ( - ( + ( min v0 770 ) v1 ) 770 ) 128 ) 2 ) 1 ) ) ( / ( + ( + 0 ( / ( - ( + ( min v0 194 ) v1 ) 194 ) 32 ) ) 1 ) 2 ) ),( min ( / ( - ( + ( min v0 386 ) v1 ) 386 ) 64 ) ( - ( * ( / ( - ( + ( min v0 770 ) v1 ) 770 ) 128 ) 2 ) 1 ) ),26
5904,( max ( max ( max ( / ( + ( min ( / ( - ( + v0 v1 ) 194 ) 32 ) ( + ( / v1 32 ) ( * ( / ( - ( / ( + ( + v0 v1 ) 30 ) 32 ) ( / v1 32 ) ) 8 ) 8 ) ) ) 7 ) 2 ) ( + ( max ( min ( / ( - ( + v0 v1 ) 386 ) 64 ) ( + ( / v1 64 ) ( * ( / ( - ( / ( + ( + v0 v1 ) 62 ) 64 ) ( / v1 64 ) ) 8 ) 8 ) ) ) ( + ( * ( min ( / ( - ( + v0 v1 ) 770 ) 128 ) ( + ( / v1 128 ) ( * ( / ( - ( / ( + ( + v0 v1 ) 126 ) 128 ) ( / v1 128 ) ) 8 ) 8 ) ) ) 2 ) 9 ) ) 7 ) ) ( + ( / ( min ( / ( - ( + v0 v1 ) 194 ) 32 ) ( + ( / v1 32 ) ( * ( / ( - ( / ( + ( + v0 v1 ) 30 ) 32 ) ( / v1 32 ) ) 8 ) 8 ) ) ) 2 ) 4 ) ) ( + 7 ( min ( + ( * ( / ( - v2 v3 ) 8 ) 8 ) v3 ) ( - v2 7 ) ) ) ),( max ( max ( max ( / ( + ( min ( / ( - ( + v0 v1 ) 194 ) 32 ) ( + ( / v1 32 ) ( * ( / ( - ( / ( + ( + v0 v1 ) 30 ) 32 ) ( / v1 32 ) ) 8 ) 8 ) ) ) 7 ) 2 ) ( + ( max ( min ( / ( - ( + v0 v1 ) 386 ) 64 ) ( + ( / v1 64 ) ( * ( / ( - ( / ( + ( + v0 v1 ) 62 ) 64 ) ( / v1 64 ) ) 8 ) 8 ) ) ) ( + ( * ( min ( / ( - ( + v0 v1 ) 770 ) 128 ) ( + ( / v1 128 ) ( * ( / ( - ( / ( + ( + v0 v1 ) 126 ) 128 ) ( / v1 128 ) ) 8 ) 8 ) ) ) 2 ) 9 ) ) 7 ) ) ( + ( / ( min ( / ( - ( + v0 v1 ) 194 ) 32 ) ( + ( / v1 32 ) ( * ( / ( - ( / ( + ( + v0 v1 ) 30 ) 32 ) ( / v1 32 ) ) 8 ) 8 ) ) ) 2 ) 4 ) ) ( min ( + ( + ( * ( / ( - v2 v3 ) 8 ) 8 ) v3 ) 7 ) v2 ) ),32
2165,( min ( / ( - ( + ( min v0 14 ) v1 ) 14 ) 4 ) ( / ( + 0 ( - ( / ( + ( min v0 14 ) v1 ) 2 ) 7 ) ) 2 ) ),( / ( - ( + ( min v0 14 ) v1 ) 14 ) 4 ),11
4814,( min ( - ( / ( + ( min v0 64 ) v1 ) 32 ) 2 ) ( / ( + ( - ( / ( + ( min v0 64 ) v1 ) 16 ) 4 ) 1 ) 2 ) ),( - ( / ( + ( min v0 64 ) v1 ) 32 ) 2 ),16
3536,( min ( / ( - ( + ( min v0 770 ) v1 ) 770 ) 128 ) ( / ( + ( + 0 ( / ( - ( + ( min v0 386 ) v1 ) 386 ) 64 ) ) 1 ) 2 ) ),( / ( - ( + ( min v0 770 ) v1 ) 770 ) 128 ),19
3835,( + ( - ( max ( min ( + ( + ( * ( / ( - v0 v1 ) 8 ) 8 ) v1 ) 7 ) v0 ) ( + ( max ( min ( / ( - ( + v2 v3 ) 386 ) 64 ) ( + ( / v3 64 ) ( * ( / ( - ( / ( + ( + v2 v3 ) 62 ) 64 ) ( / v3 64 ) ) 8 ) 8 ) ) ) ( + ( * ( min ( / ( - ( + v2 v3 ) 770 ) 128 ) ( + ( / v3 128 ) ( * ( / ( - ( / ( + ( + v2 v3 ) 126 ) 128 ) ( / v3 128 ) ) 8 ) 8 ) ) ) 2 ) 9 ) ) 7 ) ) ( min ( min ( min ( / ( - ( + ( min v2 386 ) v3 ) 386 ) 64 ) ( - ( * ( / ( - ( + ( min v2 770 ) v3 ) 770 ) 128 ) 2 ) 1 ) ) ( - v0 7 ) ) v1 ) ) 1 ),( + ( - ( max ( min ( + ( + ( * ( / ( - v0 v1 ) 8 ) 8 ) v1 ) 7 ) v0 ) ( + ( max ( min ( / ( - ( + v2 v3 ) 386 ) 64 ) ( + ( / v3 64 ) ( * ( / ( - ( / ( + ( + v2 v3 ) 62 ) 64 ) ( / v3 64 ) ) 8 ) 8 ) ) ) ( + ( * ( min ( / ( - ( + v2 v3 ) 770 ) 128 ) ( + ( / v3 128 ) ( * ( / ( - ( / ( + ( + v2 v3 ) 126 ) 128 ) ( / v3 128 ) ) 8 ) 8 ) ) ) 2 ) 9 ) ) 7 ) ) ( min ( min ( min ( / ( - ( + ( min v2 386 ) v3 ) 386 ) 64 ) ( - ( * ( / ( - ( + ( min v2 770 ) v3 ) 770 ) 128 ) 2 ) 1 ) ) ( - v0 7 ) ) v1 ) ) 1 ),23
4685,( min ( - ( / ( + ( min v0 64 ) v1 ) 32 ) 2 ) ( / ( + ( - ( / ( + ( min v0 64 ) v1 ) 16 ) 4 ) 1 ) 2 ) ),( - ( / ( + ( min v0 64 ) v1 ) 32 ) 2 ),14
4197,( min ( / ( - ( + ( min v0 14 ) v1 ) 14 ) 4 ) ( / ( + ( + 0 ( - ( / ( + ( min v0 14 ) v1 ) 2 ) 7 ) ) 1 ) 2 ) ),( / ( - ( + ( min v0 14 ) v1 ) 14 ) 4 ),13
3603,( min ( min ( / ( - ( + ( min v0 386 ) v1 ) 386 ) 64 ) ( - ( * ( / ( - ( + ( min v0 770 ) v1 ) 770 ) 128 ) 2 ) 1 ) ) ( / ( + ( + 0 ( / ( - ( + ( min v0 194 ) v1 ) 194 ) 32 ) ) 1 ) 2 ) ),( min ( / ( - ( + ( min v0 386 ) v1 ) 386 ) 64 ) ( - ( * ( / ( - ( + ( min v0 770 ) v1 ) 770 ) 128 ) 2 ) 1 ) ),23
6078,( min ( min ( / ( - ( + ( min v0 386 ) v1 ) 386 ) 64 ) ( - ( * ( / ( - ( + ( min v0 770 ) v1 ) 770 ) 128 ) 2 ) 1 ) ) ( / ( + ( + 0 ( / ( - ( + ( min v0 194 ) v1 ) 194 ) 32 ) ) 1 ) 2 ) ),( min ( / ( - ( + ( min v0 386 ) v1 ) 386 ) 64 ) ( - ( * ( / ( - ( + ( min v0 770 ) v1 ) 770 ) 128 ) 2 ) 1 ) ),25
3598,( max ( + ( max ( * ( min ( + ( + ( * ( / ( - v0 v1 ) 8 ) 8 ) v1 ) 7 ) v0 ) 2 ) ( + ( * ( max ( min ( + ( + ( * ( / ( - v0 v1 ) 8 ) 8 ) v1 ) 7 ) v0 ) ( min ( + ( + ( * ( / ( - v2 v3 ) 8 ) 8 ) v3 ) 7 ) v2 ) ) 2 ) 1 ) ) 1 ) ( + ( * ( + 7 ( min ( + ( * ( / ( - v0 v1 ) 8 ) 8 ) v1 ) ( - v0 7 ) ) ) 2 ) 2 ) ),( + ( * ( max ( min ( + ( + ( * ( / ( - v0 v1 ) 8 ) 8 ) v1 ) 7 ) v0 ) ( min ( + ( + ( * ( / ( - v2 v3 ) 8 ) 8 ) v3 ) 7 ) v2 ) ) 2 ) 2 ),49
2905,( + ( - ( max ( min ( + ( + ( * ( / ( - v0 v1 ) 8 ) 8 ) v1 ) 7 ) v0 ) ( + ( max ( min ( / ( - ( + v2 v3 ) 386 ) 64 ) ( + ( / v3 64 ) ( * ( / ( - ( / ( + ( + v2 v3 ) 62 ) 64 ) ( / v3 64 ) ) 8 ) 8 ) ) ) ( + ( * ( min ( / ( - ( + v2 v3 ) 770 ) 128 ) ( + ( / v3 128 ) ( * ( / ( - ( / ( + ( + v2 v3 ) 126 ) 128 ) ( / v3 128 ) ) 8 ) 8 ) ) ) 2 ) 9 ) ) 7 ) ) ( min ( min ( min ( / ( - ( + ( min v2 386 ) v3 ) 386 ) 64 ) ( - ( * ( / ( - ( + ( min v2 770 ) v3 ) 770 ) 128 ) 2 ) 1 ) ) ( - v0 7 ) ) v1 ) ) 1 ),( + ( - ( max ( min ( + ( + ( * ( / ( - v0 v1 ) 8 ) 8 ) v1 ) 7 ) v0 ) ( + ( max ( min ( / ( - ( + v2 v3 ) 386 ) 64 ) ( + ( / v3 64 ) ( * ( / ( - ( / ( + ( + v2 v3 ) 62 ) 64 ) ( / v3 64 ) ) 8 ) 8 ) ) ) ( + ( * ( min ( / ( - ( + v2 v3 ) 770 ) 128 ) ( + ( / v3 128 ) ( * ( / ( - ( / ( + ( + v2 v3 ) 126 ) 128 ) ( / v3 128 ) ) 8 ) 8 ) ) ) 2 ) 9 ) ) 7 ) ) ( min ( min ( min ( / ( - ( + ( min v2 386 ) v3 ) 386 ) 64 ) ( - ( * ( / ( - ( + ( min v2 770 ) v3 ) 770 ) 128 ) 2 ) 1 ) ) ( - v0 7 ) ) v1 ) ) 1 ),32
3755,( max ( + ( * ( min ( + ( + ( * ( / ( - v0 v1 ) 8 ) 8 ) v1 ) 7 ) v0 ) 2 ) 2 ) ( - ( * ( + 7 ( min ( + ( * ( / ( - v0 v1 ) 8 ) 8 ) v1 ) ( - v0 7 ) ) ) 2 ) 1 ) ),( + ( * ( min ( + ( + ( * ( / ( - v0 v1 ) 8 ) 8 ) v1 ) 7 ) v0 ) 2 ) 2 ),22
1842,( min ( min ( / ( - ( + ( min v0 98 ) v1 ) 98 ) 16 ) ( - ( * v2 2 ) 1 ) ) ( / ( + ( + 0 ( / ( - ( + ( min v0 50 ) v1 ) 50 ) 8 ) ) 1 ) 2 ) ),( min ( / ( - ( + ( min v0 98 ) v1 ) 98 ) 16 ) ( - ( * v2 2 ) 1 ) ),21
3888,( max ( + ( * ( min ( + ( + ( * ( / ( - v0 v1 ) 8 ) 8 ) v1 ) 7 ) v0 ) 2 ) 2 ) ( - ( * ( + 7 ( min ( + ( * ( / ( - v0 v1 ) 8 ) 8 ) v1 ) ( - v0 7 ) ) ) 2 ) 1 ) ),( + ( * ( min ( + ( + ( * ( / ( - v0 v1 ) 8 ) 8 ) v1 ) 7 ) v0 ) 2 ) 2 ),57
5067,( min ( - ( min ( / ( + ( min v0 256 ) v1 ) 4 ) ( + ( * ( min ( - v2 127 ) v3 ) 2 ) 63 ) ) 64 ) ( / ( - ( / ( + ( min v0 256 ) v1 ) 2 ) 128 ) 2 ) ),( - ( min ( / ( + ( min v0 256 ) v1 ) 4 ) ( + ( * ( min ( - v2 127 ) v3 ) 2 ) 63 ) ) 64 ),15
1157,( max ( + ( * ( min ( + ( + ( * ( / ( - v0 v1 ) 8 ) 8 ) v1 ) 7 ) v0 ) 2 ) 1 ) ( - ( * ( + 7 ( min ( + ( * ( / ( - v0 v1 ) 8 ) 8 ) v1 ) ( - v0 7 ) ) ) 2 ) 1 ) ),( + ( * ( min ( + ( + ( * ( / ( - v0 v1 ) 8 ) 8 ) v1 ) 7 ) v0 ) 2 ) 1 ),36
2147,( max ( + ( * ( min ( + ( + ( * ( / ( - v0 v1 ) 32 ) 32 ) v1 ) 31 ) v0 ) 2 ) 1 ) ( - ( * ( + 31 ( min ( + ( * ( / ( - v0 v1 ) 32 ) 32 ) v1 ) ( - v0 31 ) ) ) 2 ) 1 ) ),( + ( * ( min ( + ( + ( * ( / ( - v0 v1 ) 32 ) 32 ) v1 ) 31 ) v0 ) 2 ) 1 ),18
4516,( max ( + ( * ( min ( + ( + ( * ( / ( - v0 v1 ) 8 ) 8 ) v1 ) 7 ) v0 ) 2 ) 1 ) ( - ( * ( + 7 ( min ( + ( * ( / ( - v0 v1 ) 8 ) 8 ) v1 ) ( - v0 7 ) ) ) 2 ) 1 ) ),( + ( * ( min ( + ( + ( * ( / ( - v0 v1 ) 8 ) 8 ) v1 ) 7 ) v0 ) 2 ) 1 ),58
303,( min ( min ( / ( - ( + ( min v0 98 ) v1 ) 98 ) 16 ) ( - ( * v2 2 ) 1 ) ) ( / ( + ( + 0 ( / ( - ( + ( min v0 50 ) v1 ) 50 ) 8 ) ) 1 ) 2 ) ),( min ( / ( - ( + ( min v0 98 ) v1 ) 98 ) 16 ) ( - ( * v2 2 ) 1 ) ),26
930,( && ( <= 256 v0 ) ( <= ( - ( + ( + ( max v0 256 ) ( min v0 256 ) ) v1 ) 256 ) ( + v0 v1 ) ) ),( <= 256 v0 ),32
1616,( max ( + ( * ( min ( + ( + ( * ( / ( - v0 v1 ) 8 ) 8 ) v1 ) 7 ) v0 ) 2 ) 1 ) ( - ( * ( + 7 ( min ( + ( * ( / ( - v0 v1 ) 8 ) 8 ) v1 ) ( - v0 7 ) ) ) 2 ) 1 ) ),( + ( * ( min ( + ( + ( * ( / ( - v0 v1 ) 8 ) 8 ) v1 ) 7 ) v0 ) 2 ) 1 ),19
1567,( max ( + ( * ( min ( + ( + ( * ( / ( - v0 v1 ) 8 ) 8 ) v1 ) 7 ) v0 ) 2 ) 2 ) ( - ( * ( + 7 ( min ( + ( * ( / ( - v0 v1 ) 8 ) 8 ) v1 ) ( - v0 7 ) ) ) 2 ) 1 ) ),( + ( * ( min ( + ( + ( * ( / ( - v0 v1 ) 8 ) 8 ) v1 ) 7 ) v0 ) 2 ) 2 ),19
4592,( max ( + ( * ( min ( + ( + ( * ( / ( - v0 v1 ) 8 ) 8 ) v1 ) 7 ) v0 ) 2 ) 1 ) ( - ( * ( + 7 ( min ( + ( * ( / ( - v0 v1 ) 8 ) 8 ) v1 ) ( - v0 7 ) ) ) 2 ) 1 ) ),( + ( * ( min ( + ( + ( * ( / ( - v0 v1 ) 8 ) 8 ) v1 ) 7 ) v0 ) 2 ) 1 ),16
4363,( min ( min ( / ( - ( + ( min v0 98 ) v1 ) 98 ) 16 ) ( - ( * v2 2 ) 1 ) ) ( / ( + ( + 0 ( / ( - ( + ( min v0 50 ) v1 ) 50 ) 8 ) ) 1 ) 2 ) ),( min ( / ( - ( + ( min v0 98 ) v1 ) 98 ) 16 ) ( - ( * v2 2 ) 1 ) ),24
783,( max ( + ( * ( min ( + ( + ( * ( / ( - v0 v1 ) 8 ) 8 ) v1 ) 7 ) v0 ) 2 ) 2 ) ( - ( * ( + 7 ( min ( + ( * ( / ( - v0 v1 ) 8 ) 8 ) v1 ) ( - v0 7 ) ) ) 2 ) 1 ) ),( + ( * ( min ( + ( + ( * ( / ( - v0 v1 ) 8 ) 8 ) v1 ) 7 ) v0 ) 2 ) 2 ),36
5251,( max ( + ( * ( min ( + ( + ( * ( / ( - v0 v1 ) 8 ) 8 ) v1 ) 7 ) v0 ) 2 ) 2 ) ( - ( * ( + 7 ( min ( + ( * ( / ( - v0 v1 ) 8 ) 8 ) v1 ) ( - v0 7 ) ) ) 2 ) 1 ) ),( + ( * ( min ( + ( + ( * ( / ( - v0 v1 ) 8 ) 8 ) v1 ) 7 ) v0 ) 2 ) 2 ),23
4088,( max ( + ( * ( min ( + ( + ( * ( / ( - v0 v1 ) 32 ) 32 ) v1 ) 31 ) v0 ) 2 ) 1 ) ( - ( * ( + 31 ( min ( + ( * ( / ( - v0 v1 ) 32 ) 32 ) v1 ) ( - v0 31 ) ) ) 2 ) 1 ) ),( + ( * ( min ( + ( + ( * ( / ( - v0 v1 ) 32 ) 32 ) v1 ) 31 ) v0 ) 2 ) 1 ),17
